--
-- PostgreSQL database dump
--

-- Dumped from database version 17.0
-- Dumped by pg_dump version 17.0

-- Started on 2025-05-11 15:48:20

SET statement_timeout = 0;
SET lock_timeout = 0;
SET idle_in_transaction_session_timeout = 0;
SET transaction_timeout = 0;
SET client_encoding = 'UTF8';
SET standard_conforming_strings = on;
SELECT pg_catalog.set_config('search_path', '', false);
SET check_function_bodies = false;
SET xmloption = content;
SET client_min_messages = warning;
SET row_security = off;

--
-- TOC entry 7 (class 2615 OID 78207)
-- Name: analytics; Type: SCHEMA; Schema: -; Owner: -
--

CREATE SCHEMA analytics;


--
-- TOC entry 6 (class 2615 OID 78206)
-- Name: audit; Type: SCHEMA; Schema: -; Owner: -
--

CREATE SCHEMA audit;


--
-- TOC entry 253 (class 1255 OID 78226)
-- Name: audit_if_modified(); Type: FUNCTION; Schema: public; Owner: -
--

CREATE FUNCTION public.audit_if_modified() RETURNS trigger
    LANGUAGE plpgsql
    AS $$
BEGIN
    INSERT INTO audit.audit_log (table_name, action, changed_data, changed_by)
    VALUES (
        TG_TABLE_NAME,
        TG_OP,
        CASE
            WHEN TG_OP = 'DELETE' THEN row_to_json(OLD)
            ELSE row_to_json(NEW)
        END,
        current_user
    );
    RETURN NULL;
END;
$$;


SET default_tablespace = '';

SET default_table_access_method = heap;

--
-- TOC entry 241 (class 1259 OID 25086)
-- Name: videogames_register_videogame; Type: TABLE; Schema: public; Owner: -
--

CREATE TABLE public.videogames_register_videogame (
    id bigint NOT NULL,
    title character varying(200) NOT NULL,
    release_date date NOT NULL,
    description character varying(300) NOT NULL,
    genre_id bigint NOT NULL
);


--
-- TOC entry 244 (class 1259 OID 78228)
-- Name: cumulative_releases; Type: MATERIALIZED VIEW; Schema: analytics; Owner: -
--

CREATE MATERIALIZED VIEW analytics.cumulative_releases AS
 WITH yearly_counts AS (
         SELECT (EXTRACT(year FROM videogames_register_videogame.release_date))::integer AS year,
            count(*) AS games_this_year
           FROM public.videogames_register_videogame
          GROUP BY (EXTRACT(year FROM videogames_register_videogame.release_date))
        )
 SELECT year,
    games_this_year,
    sum(games_this_year) OVER (ORDER BY year) AS cumulative_total
   FROM yearly_counts
  ORDER BY year
  WITH NO DATA;


--
-- TOC entry 243 (class 1259 OID 78217)
-- Name: audit_log; Type: TABLE; Schema: audit; Owner: -
--

CREATE TABLE audit.audit_log (
    id integer NOT NULL,
    table_name text,
    action text,
    changed_data jsonb,
    changed_at timestamp with time zone DEFAULT now(),
    changed_by text
);


--
-- TOC entry 242 (class 1259 OID 78216)
-- Name: audit_log_id_seq; Type: SEQUENCE; Schema: audit; Owner: -
--

CREATE SEQUENCE audit.audit_log_id_seq
    AS integer
    START WITH 1
    INCREMENT BY 1
    NO MINVALUE
    NO MAXVALUE
    CACHE 1;


--
-- TOC entry 5073 (class 0 OID 0)
-- Dependencies: 242
-- Name: audit_log_id_seq; Type: SEQUENCE OWNED BY; Schema: audit; Owner: -
--

ALTER SEQUENCE audit.audit_log_id_seq OWNED BY audit.audit_log.id;


--
-- TOC entry 226 (class 1259 OID 24944)
-- Name: auth_group; Type: TABLE; Schema: public; Owner: -
--

CREATE TABLE public.auth_group (
    id integer NOT NULL,
    name character varying(150) NOT NULL
);


--
-- TOC entry 225 (class 1259 OID 24943)
-- Name: auth_group_id_seq; Type: SEQUENCE; Schema: public; Owner: -
--

ALTER TABLE public.auth_group ALTER COLUMN id ADD GENERATED BY DEFAULT AS IDENTITY (
    SEQUENCE NAME public.auth_group_id_seq
    START WITH 1
    INCREMENT BY 1
    NO MINVALUE
    NO MAXVALUE
    CACHE 1
);


--
-- TOC entry 228 (class 1259 OID 24952)
-- Name: auth_group_permissions; Type: TABLE; Schema: public; Owner: -
--

CREATE TABLE public.auth_group_permissions (
    id bigint NOT NULL,
    group_id integer NOT NULL,
    permission_id integer NOT NULL
);


--
-- TOC entry 227 (class 1259 OID 24951)
-- Name: auth_group_permissions_id_seq; Type: SEQUENCE; Schema: public; Owner: -
--

ALTER TABLE public.auth_group_permissions ALTER COLUMN id ADD GENERATED BY DEFAULT AS IDENTITY (
    SEQUENCE NAME public.auth_group_permissions_id_seq
    START WITH 1
    INCREMENT BY 1
    NO MINVALUE
    NO MAXVALUE
    CACHE 1
);


--
-- TOC entry 224 (class 1259 OID 24938)
-- Name: auth_permission; Type: TABLE; Schema: public; Owner: -
--

CREATE TABLE public.auth_permission (
    id integer NOT NULL,
    name character varying(255) NOT NULL,
    content_type_id integer NOT NULL,
    codename character varying(100) NOT NULL
);


--
-- TOC entry 223 (class 1259 OID 24937)
-- Name: auth_permission_id_seq; Type: SEQUENCE; Schema: public; Owner: -
--

ALTER TABLE public.auth_permission ALTER COLUMN id ADD GENERATED BY DEFAULT AS IDENTITY (
    SEQUENCE NAME public.auth_permission_id_seq
    START WITH 1
    INCREMENT BY 1
    NO MINVALUE
    NO MAXVALUE
    CACHE 1
);


--
-- TOC entry 230 (class 1259 OID 24958)
-- Name: auth_user; Type: TABLE; Schema: public; Owner: -
--

CREATE TABLE public.auth_user (
    id integer NOT NULL,
    password character varying(128) NOT NULL,
    last_login timestamp with time zone,
    is_superuser boolean NOT NULL,
    username character varying(150) NOT NULL,
    first_name character varying(150) NOT NULL,
    last_name character varying(150) NOT NULL,
    email character varying(254) NOT NULL,
    is_staff boolean NOT NULL,
    is_active boolean NOT NULL,
    date_joined timestamp with time zone NOT NULL
);


--
-- TOC entry 232 (class 1259 OID 24966)
-- Name: auth_user_groups; Type: TABLE; Schema: public; Owner: -
--

CREATE TABLE public.auth_user_groups (
    id bigint NOT NULL,
    user_id integer NOT NULL,
    group_id integer NOT NULL
);


--
-- TOC entry 231 (class 1259 OID 24965)
-- Name: auth_user_groups_id_seq; Type: SEQUENCE; Schema: public; Owner: -
--

ALTER TABLE public.auth_user_groups ALTER COLUMN id ADD GENERATED BY DEFAULT AS IDENTITY (
    SEQUENCE NAME public.auth_user_groups_id_seq
    START WITH 1
    INCREMENT BY 1
    NO MINVALUE
    NO MAXVALUE
    CACHE 1
);


--
-- TOC entry 229 (class 1259 OID 24957)
-- Name: auth_user_id_seq; Type: SEQUENCE; Schema: public; Owner: -
--

ALTER TABLE public.auth_user ALTER COLUMN id ADD GENERATED BY DEFAULT AS IDENTITY (
    SEQUENCE NAME public.auth_user_id_seq
    START WITH 1
    INCREMENT BY 1
    NO MINVALUE
    NO MAXVALUE
    CACHE 1
);


--
-- TOC entry 234 (class 1259 OID 24972)
-- Name: auth_user_user_permissions; Type: TABLE; Schema: public; Owner: -
--

CREATE TABLE public.auth_user_user_permissions (
    id bigint NOT NULL,
    user_id integer NOT NULL,
    permission_id integer NOT NULL
);


--
-- TOC entry 233 (class 1259 OID 24971)
-- Name: auth_user_user_permissions_id_seq; Type: SEQUENCE; Schema: public; Owner: -
--

ALTER TABLE public.auth_user_user_permissions ALTER COLUMN id ADD GENERATED BY DEFAULT AS IDENTITY (
    SEQUENCE NAME public.auth_user_user_permissions_id_seq
    START WITH 1
    INCREMENT BY 1
    NO MINVALUE
    NO MAXVALUE
    CACHE 1
);


--
-- TOC entry 236 (class 1259 OID 25030)
-- Name: django_admin_log; Type: TABLE; Schema: public; Owner: -
--

CREATE TABLE public.django_admin_log (
    id integer NOT NULL,
    action_time timestamp with time zone NOT NULL,
    object_id text,
    object_repr character varying(200) NOT NULL,
    action_flag smallint NOT NULL,
    change_message text NOT NULL,
    content_type_id integer,
    user_id integer NOT NULL,
    CONSTRAINT django_admin_log_action_flag_check CHECK ((action_flag >= 0))
);


--
-- TOC entry 235 (class 1259 OID 25029)
-- Name: django_admin_log_id_seq; Type: SEQUENCE; Schema: public; Owner: -
--

ALTER TABLE public.django_admin_log ALTER COLUMN id ADD GENERATED BY DEFAULT AS IDENTITY (
    SEQUENCE NAME public.django_admin_log_id_seq
    START WITH 1
    INCREMENT BY 1
    NO MINVALUE
    NO MAXVALUE
    CACHE 1
);


--
-- TOC entry 222 (class 1259 OID 24930)
-- Name: django_content_type; Type: TABLE; Schema: public; Owner: -
--

CREATE TABLE public.django_content_type (
    id integer NOT NULL,
    app_label character varying(100) NOT NULL,
    model character varying(100) NOT NULL
);


--
-- TOC entry 221 (class 1259 OID 24929)
-- Name: django_content_type_id_seq; Type: SEQUENCE; Schema: public; Owner: -
--

ALTER TABLE public.django_content_type ALTER COLUMN id ADD GENERATED BY DEFAULT AS IDENTITY (
    SEQUENCE NAME public.django_content_type_id_seq
    START WITH 1
    INCREMENT BY 1
    NO MINVALUE
    NO MAXVALUE
    CACHE 1
);


--
-- TOC entry 220 (class 1259 OID 24922)
-- Name: django_migrations; Type: TABLE; Schema: public; Owner: -
--

CREATE TABLE public.django_migrations (
    id bigint NOT NULL,
    app character varying(255) NOT NULL,
    name character varying(255) NOT NULL,
    applied timestamp with time zone NOT NULL
);


--
-- TOC entry 219 (class 1259 OID 24921)
-- Name: django_migrations_id_seq; Type: SEQUENCE; Schema: public; Owner: -
--

ALTER TABLE public.django_migrations ALTER COLUMN id ADD GENERATED BY DEFAULT AS IDENTITY (
    SEQUENCE NAME public.django_migrations_id_seq
    START WITH 1
    INCREMENT BY 1
    NO MINVALUE
    NO MAXVALUE
    CACHE 1
);


--
-- TOC entry 237 (class 1259 OID 25058)
-- Name: django_session; Type: TABLE; Schema: public; Owner: -
--

CREATE TABLE public.django_session (
    session_key character varying(40) NOT NULL,
    session_data text NOT NULL,
    expire_date timestamp with time zone NOT NULL
);


--
-- TOC entry 248 (class 1259 OID 78256)
-- Name: videogames_register_copy; Type: TABLE; Schema: public; Owner: -
--

CREATE TABLE public.videogames_register_copy (
    id bigint NOT NULL,
    serial_number character varying(50) NOT NULL,
    condition character varying(50) NOT NULL,
    added_at timestamp with time zone NOT NULL,
    game_id bigint NOT NULL
);


--
-- TOC entry 247 (class 1259 OID 78255)
-- Name: videogames_register_copy_id_seq; Type: SEQUENCE; Schema: public; Owner: -
--

ALTER TABLE public.videogames_register_copy ALTER COLUMN id ADD GENERATED BY DEFAULT AS IDENTITY (
    SEQUENCE NAME public.videogames_register_copy_id_seq
    START WITH 1
    INCREMENT BY 1
    NO MINVALUE
    NO MAXVALUE
    CACHE 1
);


--
-- TOC entry 246 (class 1259 OID 78250)
-- Name: videogames_register_developer; Type: TABLE; Schema: public; Owner: -
--

CREATE TABLE public.videogames_register_developer (
    id bigint NOT NULL,
    name character varying(100) NOT NULL,
    founded_year integer
);


--
-- TOC entry 245 (class 1259 OID 78249)
-- Name: videogames_register_developer_id_seq; Type: SEQUENCE; Schema: public; Owner: -
--

ALTER TABLE public.videogames_register_developer ALTER COLUMN id ADD GENERATED BY DEFAULT AS IDENTITY (
    SEQUENCE NAME public.videogames_register_developer_id_seq
    START WITH 1
    INCREMENT BY 1
    NO MINVALUE
    NO MAXVALUE
    CACHE 1
);


--
-- TOC entry 239 (class 1259 OID 25068)
-- Name: videogames_register_genre; Type: TABLE; Schema: public; Owner: -
--

CREATE TABLE public.videogames_register_genre (
    id bigint NOT NULL,
    title character varying(50) NOT NULL
);


--
-- TOC entry 238 (class 1259 OID 25067)
-- Name: videogames_register_genre_id_seq; Type: SEQUENCE; Schema: public; Owner: -
--

ALTER TABLE public.videogames_register_genre ALTER COLUMN id ADD GENERATED BY DEFAULT AS IDENTITY (
    SEQUENCE NAME public.videogames_register_genre_id_seq
    START WITH 1
    INCREMENT BY 1
    NO MINVALUE
    NO MAXVALUE
    CACHE 1
);


--
-- TOC entry 250 (class 1259 OID 78264)
-- Name: videogames_register_review; Type: TABLE; Schema: public; Owner: -
--

CREATE TABLE public.videogames_register_review (
    id bigint NOT NULL,
    rating integer NOT NULL,
    comment text NOT NULL,
    reviewed_at timestamp with time zone NOT NULL,
    game_id bigint NOT NULL,
    user_id integer NOT NULL
);


--
-- TOC entry 249 (class 1259 OID 78263)
-- Name: videogames_register_review_id_seq; Type: SEQUENCE; Schema: public; Owner: -
--

ALTER TABLE public.videogames_register_review ALTER COLUMN id ADD GENERATED BY DEFAULT AS IDENTITY (
    SEQUENCE NAME public.videogames_register_review_id_seq
    START WITH 1
    INCREMENT BY 1
    NO MINVALUE
    NO MAXVALUE
    CACHE 1
);


--
-- TOC entry 252 (class 1259 OID 78272)
-- Name: videogames_register_userprofile; Type: TABLE; Schema: public; Owner: -
--

CREATE TABLE public.videogames_register_userprofile (
    id bigint NOT NULL,
    country character varying(50) NOT NULL,
    age integer NOT NULL,
    user_id integer NOT NULL
);


--
-- TOC entry 251 (class 1259 OID 78271)
-- Name: videogames_register_userprofile_id_seq; Type: SEQUENCE; Schema: public; Owner: -
--

ALTER TABLE public.videogames_register_userprofile ALTER COLUMN id ADD GENERATED BY DEFAULT AS IDENTITY (
    SEQUENCE NAME public.videogames_register_userprofile_id_seq
    START WITH 1
    INCREMENT BY 1
    NO MINVALUE
    NO MAXVALUE
    CACHE 1
);


--
-- TOC entry 240 (class 1259 OID 25085)
-- Name: videogames_register_videogame_id_seq; Type: SEQUENCE; Schema: public; Owner: -
--

ALTER TABLE public.videogames_register_videogame ALTER COLUMN id ADD GENERATED BY DEFAULT AS IDENTITY (
    SEQUENCE NAME public.videogames_register_videogame_id_seq
    START WITH 1
    INCREMENT BY 1
    NO MINVALUE
    NO MAXVALUE
    CACHE 1
);


--
-- TOC entry 4787 (class 2604 OID 78220)
-- Name: audit_log id; Type: DEFAULT; Schema: audit; Owner: -
--

ALTER TABLE ONLY audit.audit_log ALTER COLUMN id SET DEFAULT nextval('audit.audit_log_id_seq'::regclass);


--
-- TOC entry 5052 (class 0 OID 78217)
-- Dependencies: 243
-- Data for Name: audit_log; Type: TABLE DATA; Schema: audit; Owner: -
--

COPY audit.audit_log (id, table_name, action, changed_data, changed_at, changed_by) FROM stdin;
1	videogames_register_videogame	DELETE	{"id": 10, "title": "FIFA 27", "genre_id": 2, "description": "a sports game", "release_date": "2026-12-12"}	2025-05-02 17:18:36.541831+02	postgres
2	videogames_register_videogame	UPDATE	{"id": 11, "title": "PES 2019", "genre_id": 2, "description": "A football game.", "release_date": "2019-10-10"}	2025-05-02 17:20:18.232795+02	postgres
3	videogames_register_videogame	INSERT	{"id": 12, "title": "Pac-Man", "genre_id": 1, "description": "A fun game", "release_date": "2020-07-02"}	2025-05-03 20:53:18.701039+02	postgres
4	videogames_register_videogame	INSERT	{"id": 13, "title": "Call of Duty ll", "genre_id": 3, "description": "A shooting game", "release_date": "2019-09-08"}	2025-05-03 20:55:12.874688+02	postgres
5	videogames_register_videogame	INSERT	{"id": 14, "title": "Mario Super World", "genre_id": 4, "description": "A fantastic game", "release_date": "2010-10-10"}	2025-05-03 22:06:09.669618+02	postgres
6	auth_user	INSERT	{"id": 8, "email": "meghanglass@example.net", "is_staff": false, "password": "pbkdf2_sha256$870000$IMCb7zHVGYwxs8rswAVyhK$NacKBcRGEbaH2ED6fpu0IUSq5x1KSp4kunhsEcr78OU=", "username": "matthew48", "is_active": true, "last_name": "", "first_name": "", "last_login": null, "date_joined": "2025-05-09T09:51:45.694981+00:00", "is_superuser": false}	2025-05-09 11:51:46.136641+02	postgres
7	auth_user	INSERT	{"id": 9, "email": "rgarcia@example.net", "is_staff": false, "password": "pbkdf2_sha256$870000$ltk20Rkt0wQ9Fbu7CTZlyo$OwWu/4xvoGyHNP7+T0GhVd7B7N4OPFEpkuj3Xpiq3w4=", "username": "nhouse", "is_active": true, "last_name": "", "first_name": "", "last_login": null, "date_joined": "2025-05-09T09:51:46.184794+00:00", "is_superuser": false}	2025-05-09 11:51:46.615618+02	postgres
8	auth_user	INSERT	{"id": 10, "email": "rwest@example.net", "is_staff": false, "password": "pbkdf2_sha256$870000$MCmZyffGxBJGxm3lmUiUjo$qEhLK2A3Be0Dd5zsvQRbQYsBWpoWluZqE5F+/81EQ10=", "username": "walshwilliam", "is_active": true, "last_name": "", "first_name": "", "last_login": null, "date_joined": "2025-05-09T09:51:46.616548+00:00", "is_superuser": false}	2025-05-09 11:51:47.033446+02	postgres
9	auth_user	INSERT	{"id": 11, "email": "kathleenrobinson@example.org", "is_staff": false, "password": "pbkdf2_sha256$870000$Fn0Qy1o5hYF9YFlgS46D07$4EqK4xjZxrkU++J10PwH87FxLvtA5zunh/p0yUo7Qhw=", "username": "ltran", "is_active": true, "last_name": "", "first_name": "", "last_login": null, "date_joined": "2025-05-09T09:51:47.034996+00:00", "is_superuser": false}	2025-05-09 11:51:47.433232+02	postgres
10	auth_user	INSERT	{"id": 12, "email": "bensonamy@example.com", "is_staff": false, "password": "pbkdf2_sha256$870000$ROp429WcNITtlG8xqxw36M$85Ljb1WinQ8/3/sKTe6kEohiC/OD4WgQxGcnarcmFxE=", "username": "alex57", "is_active": true, "last_name": "", "first_name": "", "last_login": null, "date_joined": "2025-05-09T09:51:47.434163+00:00", "is_superuser": false}	2025-05-09 11:51:47.879185+02	postgres
11	videogames_register_videogame	DELETE	{"id": 6, "title": "Grand Theft Auto V", "genre_id": 1, "description": "Adventure Game", "release_date": "2022-03-02"}	2025-05-09 16:29:40.13886+02	postgres
12	videogames_register_videogame	DELETE	{"id": 3, "title": "Call Of Duty Black Ops lll", "genre_id": 3, "description": "Shooting game", "release_date": "2022-03-02"}	2025-05-09 16:29:40.13886+02	postgres
13	videogames_register_videogame	DELETE	{"id": 11, "title": "PES 2019", "genre_id": 2, "description": "A football game.", "release_date": "2019-10-10"}	2025-05-09 16:29:40.13886+02	postgres
14	videogames_register_videogame	DELETE	{"id": 12, "title": "Pac-Man", "genre_id": 1, "description": "A fun game", "release_date": "2020-07-02"}	2025-05-09 16:29:40.13886+02	postgres
15	videogames_register_videogame	DELETE	{"id": 13, "title": "Call of Duty ll", "genre_id": 3, "description": "A shooting game", "release_date": "2019-09-08"}	2025-05-09 16:29:40.13886+02	postgres
16	videogames_register_videogame	DELETE	{"id": 14, "title": "Mario Super World", "genre_id": 4, "description": "A fantastic game", "release_date": "2010-10-10"}	2025-05-09 16:29:40.13886+02	postgres
17	auth_user	DELETE	{"id": 11, "email": "kathleenrobinson@example.org", "is_staff": false, "password": "pbkdf2_sha256$870000$Fn0Qy1o5hYF9YFlgS46D07$4EqK4xjZxrkU++J10PwH87FxLvtA5zunh/p0yUo7Qhw=", "username": "ltran", "is_active": true, "last_name": "", "first_name": "", "last_login": null, "date_joined": "2025-05-09T09:51:47.034996+00:00", "is_superuser": false}	2025-05-09 16:29:40.215293+02	postgres
18	auth_user	DELETE	{"id": 12, "email": "bensonamy@example.com", "is_staff": false, "password": "pbkdf2_sha256$870000$ROp429WcNITtlG8xqxw36M$85Ljb1WinQ8/3/sKTe6kEohiC/OD4WgQxGcnarcmFxE=", "username": "alex57", "is_active": true, "last_name": "", "first_name": "", "last_login": null, "date_joined": "2025-05-09T09:51:47.434163+00:00", "is_superuser": false}	2025-05-09 16:29:40.215293+02	postgres
19	auth_user	DELETE	{"id": 4, "email": "", "is_staff": false, "password": "pbkdf2_sha256$870000$7bfowBvh3aZS5BjI1fhtTL$jhW77XTdpLxxl9MI3sbFxyRbYvapyhcJwr90zbmuOYM=", "username": "user4", "is_active": true, "last_name": "", "first_name": "", "last_login": null, "date_joined": "2024-10-27T16:37:52+00:00", "is_superuser": false}	2025-05-09 16:29:40.215293+02	postgres
20	auth_user	DELETE	{"id": 5, "email": "", "is_staff": false, "password": "pbkdf2_sha256$870000$VQ9Bdm46q4RgUtimel01t8$PcbnDEcWQCRLPOdXsX/Q+BfZpCrICbT3w5BU/GVwVuU=", "username": "user5", "is_active": true, "last_name": "", "first_name": "", "last_login": null, "date_joined": "2024-10-27T16:38:05+00:00", "is_superuser": false}	2025-05-09 16:29:40.215293+02	postgres
21	auth_user	DELETE	{"id": 3, "email": "", "is_staff": false, "password": "pbkdf2_sha256$870000$1ooI6vl1QYIU2RNGRWP8a0$L1YUwi8RqFPFyWwXbU6wGHgjkYCgFJCWPMJ18JTx+z0=", "username": "user3", "is_active": true, "last_name": "", "first_name": "", "last_login": "2024-10-27T20:48:49.46124+00:00", "date_joined": "2024-10-27T16:37:36+00:00", "is_superuser": false}	2025-05-09 16:29:40.215293+02	postgres
22	auth_user	DELETE	{"id": 2, "email": "", "is_staff": false, "password": "pbkdf2_sha256$870000$XrZidSkNwi0GzkOMA7LOen$Kk1yWJ43ak3PUOcTKRRM22xovX/oPhZOvfg7oaLSk/k=", "username": "user2", "is_active": true, "last_name": "", "first_name": "", "last_login": "2024-11-29T11:41:46.118186+00:00", "date_joined": "2024-10-27T16:37:11+00:00", "is_superuser": false}	2025-05-09 16:29:40.215293+02	postgres
23	auth_user	DELETE	{"id": 8, "email": "meghanglass@example.net", "is_staff": false, "password": "pbkdf2_sha256$870000$IMCb7zHVGYwxs8rswAVyhK$NacKBcRGEbaH2ED6fpu0IUSq5x1KSp4kunhsEcr78OU=", "username": "matthew48", "is_active": true, "last_name": "", "first_name": "", "last_login": null, "date_joined": "2025-05-09T09:51:45.694981+00:00", "is_superuser": false}	2025-05-09 16:29:40.215293+02	postgres
24	auth_user	DELETE	{"id": 9, "email": "rgarcia@example.net", "is_staff": false, "password": "pbkdf2_sha256$870000$ltk20Rkt0wQ9Fbu7CTZlyo$OwWu/4xvoGyHNP7+T0GhVd7B7N4OPFEpkuj3Xpiq3w4=", "username": "nhouse", "is_active": true, "last_name": "", "first_name": "", "last_login": null, "date_joined": "2025-05-09T09:51:46.184794+00:00", "is_superuser": false}	2025-05-09 16:29:40.215293+02	postgres
25	auth_user	DELETE	{"id": 10, "email": "rwest@example.net", "is_staff": false, "password": "pbkdf2_sha256$870000$MCmZyffGxBJGxm3lmUiUjo$qEhLK2A3Be0Dd5zsvQRbQYsBWpoWluZqE5F+/81EQ10=", "username": "walshwilliam", "is_active": true, "last_name": "", "first_name": "", "last_login": null, "date_joined": "2025-05-09T09:51:46.616548+00:00", "is_superuser": false}	2025-05-09 16:29:40.215293+02	postgres
26	videogames_register_genre	DELETE	{"id": 1, "title": "Action"}	2025-05-09 16:29:40.258433+02	postgres
27	videogames_register_genre	DELETE	{"id": 2, "title": "Sports"}	2025-05-09 16:29:40.258433+02	postgres
28	videogames_register_genre	DELETE	{"id": 3, "title": "Shooting"}	2025-05-09 16:29:40.258433+02	postgres
29	videogames_register_genre	DELETE	{"id": 4, "title": "Strategy"}	2025-05-09 16:29:40.258433+02	postgres
30	videogames_register_genre	INSERT	{"id": 2, "title": "Action"}	2025-05-09 16:29:40.264143+02	postgres
31	videogames_register_genre	INSERT	{"id": 3, "title": "Adventure"}	2025-05-09 16:29:40.268226+02	postgres
32	videogames_register_genre	INSERT	{"id": 4, "title": "RPG"}	2025-05-09 16:29:40.271022+02	postgres
33	videogames_register_genre	INSERT	{"id": 5, "title": "Shooter"}	2025-05-09 16:29:40.273591+02	postgres
34	videogames_register_genre	INSERT	{"id": 6, "title": "Puzzle"}	2025-05-09 16:29:40.276107+02	postgres
35	videogames_register_genre	INSERT	{"id": 7, "title": "Strategy"}	2025-05-09 16:29:40.278641+02	postgres
36	videogames_register_genre	INSERT	{"id": 8, "title": "Sports"}	2025-05-09 16:29:40.281266+02	postgres
37	videogames_register_genre	DELETE	{"id": 2, "title": "Action"}	2025-05-09 16:34:36.189247+02	postgres
38	videogames_register_genre	DELETE	{"id": 3, "title": "Adventure"}	2025-05-09 16:34:36.189247+02	postgres
39	videogames_register_genre	DELETE	{"id": 4, "title": "RPG"}	2025-05-09 16:34:36.189247+02	postgres
40	videogames_register_genre	DELETE	{"id": 5, "title": "Shooter"}	2025-05-09 16:34:36.189247+02	postgres
41	videogames_register_genre	DELETE	{"id": 6, "title": "Puzzle"}	2025-05-09 16:34:36.189247+02	postgres
42	videogames_register_genre	DELETE	{"id": 7, "title": "Strategy"}	2025-05-09 16:34:36.189247+02	postgres
43	videogames_register_genre	DELETE	{"id": 8, "title": "Sports"}	2025-05-09 16:34:36.189247+02	postgres
44	videogames_register_genre	INSERT	{"id": 9, "title": "Action"}	2025-05-09 16:34:36.221087+02	postgres
45	videogames_register_genre	INSERT	{"id": 10, "title": "Adventure"}	2025-05-09 16:34:36.224538+02	postgres
46	videogames_register_genre	INSERT	{"id": 11, "title": "RPG"}	2025-05-09 16:34:36.22721+02	postgres
47	videogames_register_genre	INSERT	{"id": 12, "title": "Shooter"}	2025-05-09 16:34:36.229965+02	postgres
48	videogames_register_genre	INSERT	{"id": 13, "title": "Puzzle"}	2025-05-09 16:34:36.232561+02	postgres
49	videogames_register_genre	INSERT	{"id": 14, "title": "Strategy"}	2025-05-09 16:34:36.235196+02	postgres
50	videogames_register_genre	INSERT	{"id": 15, "title": "Sports"}	2025-05-09 16:34:36.237885+02	postgres
51	videogames_register_genre	DELETE	{"id": 9, "title": "Action"}	2025-05-09 16:38:00.550376+02	postgres
52	videogames_register_genre	DELETE	{"id": 10, "title": "Adventure"}	2025-05-09 16:38:00.550376+02	postgres
53	videogames_register_genre	DELETE	{"id": 11, "title": "RPG"}	2025-05-09 16:38:00.550376+02	postgres
54	videogames_register_genre	DELETE	{"id": 12, "title": "Shooter"}	2025-05-09 16:38:00.550376+02	postgres
55	videogames_register_genre	DELETE	{"id": 13, "title": "Puzzle"}	2025-05-09 16:38:00.550376+02	postgres
56	videogames_register_genre	DELETE	{"id": 14, "title": "Strategy"}	2025-05-09 16:38:00.550376+02	postgres
57	videogames_register_genre	DELETE	{"id": 15, "title": "Sports"}	2025-05-09 16:38:00.550376+02	postgres
58	videogames_register_genre	INSERT	{"id": 16, "title": "Action"}	2025-05-09 16:38:00.583528+02	postgres
59	videogames_register_genre	INSERT	{"id": 17, "title": "Adventure"}	2025-05-09 16:38:00.587485+02	postgres
60	videogames_register_genre	INSERT	{"id": 18, "title": "RPG"}	2025-05-09 16:38:00.590118+02	postgres
61	videogames_register_genre	INSERT	{"id": 19, "title": "Shooter"}	2025-05-09 16:38:00.592631+02	postgres
62	videogames_register_genre	INSERT	{"id": 20, "title": "Puzzle"}	2025-05-09 16:38:00.595388+02	postgres
63	videogames_register_genre	INSERT	{"id": 21, "title": "Strategy"}	2025-05-09 16:38:00.598011+02	postgres
64	videogames_register_genre	INSERT	{"id": 22, "title": "Sports"}	2025-05-09 16:38:00.600567+02	postgres
65	videogames_register_genre	DELETE	{"id": 16, "title": "Action"}	2025-05-09 16:39:18.744418+02	postgres
66	videogames_register_genre	DELETE	{"id": 17, "title": "Adventure"}	2025-05-09 16:39:18.744418+02	postgres
67	videogames_register_genre	DELETE	{"id": 18, "title": "RPG"}	2025-05-09 16:39:18.744418+02	postgres
68	videogames_register_genre	DELETE	{"id": 19, "title": "Shooter"}	2025-05-09 16:39:18.744418+02	postgres
69	videogames_register_genre	DELETE	{"id": 20, "title": "Puzzle"}	2025-05-09 16:39:18.744418+02	postgres
70	videogames_register_genre	DELETE	{"id": 21, "title": "Strategy"}	2025-05-09 16:39:18.744418+02	postgres
71	videogames_register_genre	DELETE	{"id": 22, "title": "Sports"}	2025-05-09 16:39:18.744418+02	postgres
72	videogames_register_genre	INSERT	{"id": 23, "title": "Action"}	2025-05-09 16:39:18.778984+02	postgres
73	videogames_register_genre	INSERT	{"id": 24, "title": "Adventure"}	2025-05-09 16:39:18.782422+02	postgres
74	videogames_register_genre	INSERT	{"id": 25, "title": "RPG"}	2025-05-09 16:39:18.785063+02	postgres
75	videogames_register_genre	INSERT	{"id": 26, "title": "Shooter"}	2025-05-09 16:39:18.788207+02	postgres
76	videogames_register_genre	INSERT	{"id": 27, "title": "Puzzle"}	2025-05-09 16:39:18.79126+02	postgres
77	videogames_register_genre	INSERT	{"id": 28, "title": "Strategy"}	2025-05-09 16:39:18.794086+02	postgres
78	videogames_register_genre	INSERT	{"id": 29, "title": "Sports"}	2025-05-09 16:39:18.796744+02	postgres
79	videogames_register_videogame	INSERT	{"id": 15, "title": "Out modern radio condition. Son number short during such until. Music nor again break", "genre_id": 25, "description": "Perform couple we yet kind. Benefit lead especially serve bill only risk arrive. Chair article old. Account skill medical.\\nDoctor ok present from road. Wrong line strong investment suddenly.", "release_date": "2018-06-21"}	2025-05-09 16:39:18.809839+02	postgres
80	videogames_register_videogame	INSERT	{"id": 16, "title": "Soon red event. Benefit serve miss address good investment mind reality", "genre_id": 24, "description": "Support four idea bank. Suffer in two have no. Million cup short hand under door. Poor sister pull radio skin offer.", "release_date": "2017-06-14"}	2025-05-09 16:39:18.860671+02	postgres
81	videogames_register_videogame	INSERT	{"id": 17, "title": "Deep training tree cup walk win course. Computer life anyone sell", "genre_id": 28, "description": "She country enjoy election wrong bed around. Feel how remember. Election the rise effort police my both.\\nKitchen stay vote edge nothing them yard have.", "release_date": "2023-05-16"}	2025-05-09 16:39:18.863727+02	postgres
82	videogames_register_videogame	INSERT	{"id": 18, "title": "Reach hard should ready bed. Almost weight black agency case", "genre_id": 25, "description": "Might trial capital will show effect public. Course something measure the. Provide follow activity term down teacher.", "release_date": "2019-06-03"}	2025-05-09 16:39:18.865659+02	postgres
83	videogames_register_videogame	INSERT	{"id": 19, "title": "Think day tree fund city join national. Two hit field mission how. Area house real", "genre_id": 28, "description": "Weight exactly top treat choose reflect conference. Indeed phone we help watch shoulder water edge.\\nProtect color at firm various business author. Music without whatever citizen. Method will this.", "release_date": "2021-02-02"}	2025-05-09 16:39:18.867515+02	postgres
84	videogames_register_videogame	INSERT	{"id": 20, "title": "Court hour plant section. Final together family ball him", "genre_id": 25, "description": "Customer future live capital. Too culture whose everyone oil.\\nHair quite yes job court enough. Least American so national community night if range.", "release_date": "2016-03-12"}	2025-05-09 16:39:18.869321+02	postgres
85	videogames_register_videogame	INSERT	{"id": 21, "title": "Someone country class. Lawyer enjoy space pick spend line window", "genre_id": 24, "description": "Page low decade gun country. Face already top eight themselves. Cell probably claim stock seat.\\nCold maintain line different doctor.", "release_date": "2019-12-16"}	2025-05-09 16:39:18.871341+02	postgres
86	videogames_register_videogame	INSERT	{"id": 22, "title": "Various instead development final including manage", "genre_id": 28, "description": "Wear join box tell. List house once those subject star.\\nAttention television administration school prove note special. Open buy poor Congress.", "release_date": "2018-10-23"}	2025-05-09 16:39:18.873194+02	postgres
87	videogames_register_videogame	INSERT	{"id": 23, "title": "Need authority second off behind start card month. Movement letter every return", "genre_id": 23, "description": "Father politics such meet fly late learn. Pattern knowledge expect piece line agreement tough.", "release_date": "2022-06-13"}	2025-05-09 16:39:18.874934+02	postgres
88	videogames_register_videogame	INSERT	{"id": 24, "title": "Much allow agreement lead list onto pressure. That mission involve suggest energy wind", "genre_id": 27, "description": "Agreement civil employee good thank list. After certain time well reality. Lawyer attention cold end occur food who late.\\nMonth cup happy police. My behind agent when same exist million.", "release_date": "2020-04-06"}	2025-05-09 16:39:18.87671+02	postgres
89	videogames_register_videogame	INSERT	{"id": 25, "title": "Against fast ready war mouth. System prove peace official. Machine voice think method", "genre_id": 23, "description": "Woman other out special Democrat. Detail character center positive course even doctor. Baby research run quickly imagine result police.", "release_date": "2018-11-16"}	2025-05-09 16:39:18.878769+02	postgres
90	videogames_register_videogame	INSERT	{"id": 26, "title": "Decision administration age agent land yard myself. Need mission forget", "genre_id": 29, "description": "For answer style high social stage speak day. Network those capital and including wish.\\nRegion fight explain camera peace itself. Letter court at research.", "release_date": "2015-10-11"}	2025-05-09 16:39:18.88079+02	postgres
91	videogames_register_videogame	INSERT	{"id": 27, "title": "Field then who store consumer teach whom character. Crime major investment cost", "genre_id": 23, "description": "Stock environmental after mind cause. Necessary call final business draw television sure.\\nMajority who color me total reflect. Apply task week international.", "release_date": "2020-08-16"}	2025-05-09 16:39:18.882509+02	postgres
92	videogames_register_videogame	INSERT	{"id": 28, "title": "Culture clear individual somebody through", "genre_id": 27, "description": "They sell sign left recent between matter. Institution especially could wall.\\nThrow eat hold. Common loss assume difference program record suddenly. Quality enough social key lot.", "release_date": "2020-06-30"}	2025-05-09 16:39:18.884387+02	postgres
93	videogames_register_videogame	INSERT	{"id": 29, "title": "Million thought must home catch. Summer recognize speech partner modern", "genre_id": 24, "description": "Right couple doctor really memory quality. Term on former leave. Huge game fight scientist.\\nSpecific voice heavy produce five. Base Mr campaign study.", "release_date": "2018-11-13"}	2025-05-09 16:39:18.886359+02	postgres
94	videogames_register_videogame	INSERT	{"id": 30, "title": "Start never positive decision. Song dream guess enough. Space key why our teacher", "genre_id": 23, "description": "Time behavior our view themselves language card. Door day couple dinner politics play.\\nBuy simple human determine hear all. Positive decide area cut step.", "release_date": "2025-02-15"}	2025-05-09 16:39:18.888286+02	postgres
95	videogames_register_videogame	INSERT	{"id": 31, "title": "Glass policy while soldier laugh. Speech drug key summer forget power realize safe", "genre_id": 29, "description": "Study send couple.\\nCharacter glass task hour. Ten address cost eye manager national remain common. Entire role power call computer small fact.", "release_date": "2017-04-26"}	2025-05-09 16:39:18.889997+02	postgres
96	videogames_register_videogame	INSERT	{"id": 32, "title": "Style service administration. Together whole start interesting five poor", "genre_id": 23, "description": "Put group mother gas prevent know experience. Popular structure likely resource business student. Benefit maintain large like specific.\\nMind our somebody generation way management.", "release_date": "2022-02-01"}	2025-05-09 16:39:18.891769+02	postgres
97	videogames_register_videogame	INSERT	{"id": 33, "title": "Late key guess benefit. Building thought push dinner phone", "genre_id": 23, "description": "Measure into most beautiful. Among future ok table. College than check lawyer set.\\nMedical trade all from movement image. Player administration just same plant. Life drop attorney somebody.", "release_date": "2025-02-05"}	2025-05-09 16:39:18.89398+02	postgres
272	videogames_register_videogame	DELETE	{"id": 75, "title": "Shadowblade", "genre_id": 43, "description": "A fast-paced action game set in a dystopian future.", "release_date": "2017-03-08"}	2025-05-09 16:51:48.406832+02	postgres
98	videogames_register_videogame	INSERT	{"id": 34, "title": "Various until itself management. Model thought hope thousand character", "genre_id": 26, "description": "Soldier information until understand tax better. Bed clearly central sometimes others. Throughout structure interest serious prove.\\nCommon order war teach chair.", "release_date": "2024-09-24"}	2025-05-09 16:39:18.895991+02	postgres
99	auth_user	INSERT	{"id": 13, "email": "robingilbert@example.net", "is_staff": false, "password": "pbkdf2_sha256$870000$0Q0nh6mmyAxSaLVlG3aA1f$lP7fxZFj31m2Wbn89HElaAff8FlKzAt7Q2YTfOdRYaw=", "username": "kgarrett", "is_active": true, "last_name": "", "first_name": "", "last_login": null, "date_joined": "2025-05-09T14:39:18.899679+00:00", "is_superuser": false}	2025-05-09 16:39:19.785748+02	postgres
100	auth_user	INSERT	{"id": 14, "email": "amybyrd@example.com", "is_staff": false, "password": "pbkdf2_sha256$870000$inx56iptYEl7dgElvDN03k$I9Vl2kDqIOLE+r4xHD3ekSlohXGnom4y4BydUn/IxLA=", "username": "pwilcox", "is_active": true, "last_name": "", "first_name": "", "last_login": null, "date_joined": "2025-05-09T14:39:19.806783+00:00", "is_superuser": false}	2025-05-09 16:39:20.673664+02	postgres
101	auth_user	INSERT	{"id": 15, "email": "coltonlin@example.com", "is_staff": false, "password": "pbkdf2_sha256$870000$DetTOYPtuzFYtiDBJKy3KQ$gdeZ6yjyt/ykOZ71iKQ4iyZ8A0pjsK2iFpO7zma6EA0=", "username": "todd87", "is_active": true, "last_name": "", "first_name": "", "last_login": null, "date_joined": "2025-05-09T14:39:20.689587+00:00", "is_superuser": false}	2025-05-09 16:39:21.617413+02	postgres
102	auth_user	INSERT	{"id": 16, "email": "kevin46@example.com", "is_staff": false, "password": "pbkdf2_sha256$870000$FzBuNjDP4p9aBaqbYi2u0T$otTNOgyqKmu25ojri/QwYkahhqaRepsDyCT0oDfsirg=", "username": "richard73", "is_active": true, "last_name": "", "first_name": "", "last_login": null, "date_joined": "2025-05-09T14:39:21.634537+00:00", "is_superuser": false}	2025-05-09 16:39:22.505551+02	postgres
103	auth_user	INSERT	{"id": 17, "email": "davisstacy@example.org", "is_staff": false, "password": "pbkdf2_sha256$870000$2h6CGMRXUysFMNEdzEIxTD$5m7p3Cy1A7kLnHg0OPwEW/Q91ucjrqDhOrWjxTUgGPU=", "username": "toniarmstrong", "is_active": true, "last_name": "", "first_name": "", "last_login": null, "date_joined": "2025-05-09T14:39:22.521586+00:00", "is_superuser": false}	2025-05-09 16:39:23.40141+02	postgres
104	videogames_register_videogame	DELETE	{"id": 15, "title": "Out modern radio condition. Son number short during such until. Music nor again break", "genre_id": 25, "description": "Perform couple we yet kind. Benefit lead especially serve bill only risk arrive. Chair article old. Account skill medical.\\nDoctor ok present from road. Wrong line strong investment suddenly.", "release_date": "2018-06-21"}	2025-05-09 16:46:59.73072+02	postgres
105	videogames_register_videogame	DELETE	{"id": 16, "title": "Soon red event. Benefit serve miss address good investment mind reality", "genre_id": 24, "description": "Support four idea bank. Suffer in two have no. Million cup short hand under door. Poor sister pull radio skin offer.", "release_date": "2017-06-14"}	2025-05-09 16:46:59.73072+02	postgres
106	videogames_register_videogame	DELETE	{"id": 17, "title": "Deep training tree cup walk win course. Computer life anyone sell", "genre_id": 28, "description": "She country enjoy election wrong bed around. Feel how remember. Election the rise effort police my both.\\nKitchen stay vote edge nothing them yard have.", "release_date": "2023-05-16"}	2025-05-09 16:46:59.73072+02	postgres
107	videogames_register_videogame	DELETE	{"id": 18, "title": "Reach hard should ready bed. Almost weight black agency case", "genre_id": 25, "description": "Might trial capital will show effect public. Course something measure the. Provide follow activity term down teacher.", "release_date": "2019-06-03"}	2025-05-09 16:46:59.73072+02	postgres
108	videogames_register_videogame	DELETE	{"id": 19, "title": "Think day tree fund city join national. Two hit field mission how. Area house real", "genre_id": 28, "description": "Weight exactly top treat choose reflect conference. Indeed phone we help watch shoulder water edge.\\nProtect color at firm various business author. Music without whatever citizen. Method will this.", "release_date": "2021-02-02"}	2025-05-09 16:46:59.73072+02	postgres
109	videogames_register_videogame	DELETE	{"id": 20, "title": "Court hour plant section. Final together family ball him", "genre_id": 25, "description": "Customer future live capital. Too culture whose everyone oil.\\nHair quite yes job court enough. Least American so national community night if range.", "release_date": "2016-03-12"}	2025-05-09 16:46:59.73072+02	postgres
110	videogames_register_videogame	DELETE	{"id": 21, "title": "Someone country class. Lawyer enjoy space pick spend line window", "genre_id": 24, "description": "Page low decade gun country. Face already top eight themselves. Cell probably claim stock seat.\\nCold maintain line different doctor.", "release_date": "2019-12-16"}	2025-05-09 16:46:59.73072+02	postgres
111	videogames_register_videogame	DELETE	{"id": 22, "title": "Various instead development final including manage", "genre_id": 28, "description": "Wear join box tell. List house once those subject star.\\nAttention television administration school prove note special. Open buy poor Congress.", "release_date": "2018-10-23"}	2025-05-09 16:46:59.73072+02	postgres
112	videogames_register_videogame	DELETE	{"id": 23, "title": "Need authority second off behind start card month. Movement letter every return", "genre_id": 23, "description": "Father politics such meet fly late learn. Pattern knowledge expect piece line agreement tough.", "release_date": "2022-06-13"}	2025-05-09 16:46:59.73072+02	postgres
113	videogames_register_videogame	DELETE	{"id": 24, "title": "Much allow agreement lead list onto pressure. That mission involve suggest energy wind", "genre_id": 27, "description": "Agreement civil employee good thank list. After certain time well reality. Lawyer attention cold end occur food who late.\\nMonth cup happy police. My behind agent when same exist million.", "release_date": "2020-04-06"}	2025-05-09 16:46:59.73072+02	postgres
114	videogames_register_videogame	DELETE	{"id": 25, "title": "Against fast ready war mouth. System prove peace official. Machine voice think method", "genre_id": 23, "description": "Woman other out special Democrat. Detail character center positive course even doctor. Baby research run quickly imagine result police.", "release_date": "2018-11-16"}	2025-05-09 16:46:59.73072+02	postgres
115	videogames_register_videogame	DELETE	{"id": 26, "title": "Decision administration age agent land yard myself. Need mission forget", "genre_id": 29, "description": "For answer style high social stage speak day. Network those capital and including wish.\\nRegion fight explain camera peace itself. Letter court at research.", "release_date": "2015-10-11"}	2025-05-09 16:46:59.73072+02	postgres
273	videogames_register_videogame	DELETE	{"id": 76, "title": "Galactic Titans", "genre_id": 37, "description": "Explore ancient ruins and uncover hidden secrets.", "release_date": "2019-04-26"}	2025-05-09 16:51:48.406832+02	postgres
310	videogames_register_genre	INSERT	{"id": 50, "title": "Sports"}	2025-05-09 16:51:48.527973+02	postgres
116	videogames_register_videogame	DELETE	{"id": 27, "title": "Field then who store consumer teach whom character. Crime major investment cost", "genre_id": 23, "description": "Stock environmental after mind cause. Necessary call final business draw television sure.\\nMajority who color me total reflect. Apply task week international.", "release_date": "2020-08-16"}	2025-05-09 16:46:59.73072+02	postgres
117	videogames_register_videogame	DELETE	{"id": 28, "title": "Culture clear individual somebody through", "genre_id": 27, "description": "They sell sign left recent between matter. Institution especially could wall.\\nThrow eat hold. Common loss assume difference program record suddenly. Quality enough social key lot.", "release_date": "2020-06-30"}	2025-05-09 16:46:59.73072+02	postgres
118	videogames_register_videogame	DELETE	{"id": 29, "title": "Million thought must home catch. Summer recognize speech partner modern", "genre_id": 24, "description": "Right couple doctor really memory quality. Term on former leave. Huge game fight scientist.\\nSpecific voice heavy produce five. Base Mr campaign study.", "release_date": "2018-11-13"}	2025-05-09 16:46:59.73072+02	postgres
119	videogames_register_videogame	DELETE	{"id": 30, "title": "Start never positive decision. Song dream guess enough. Space key why our teacher", "genre_id": 23, "description": "Time behavior our view themselves language card. Door day couple dinner politics play.\\nBuy simple human determine hear all. Positive decide area cut step.", "release_date": "2025-02-15"}	2025-05-09 16:46:59.73072+02	postgres
120	videogames_register_videogame	DELETE	{"id": 31, "title": "Glass policy while soldier laugh. Speech drug key summer forget power realize safe", "genre_id": 29, "description": "Study send couple.\\nCharacter glass task hour. Ten address cost eye manager national remain common. Entire role power call computer small fact.", "release_date": "2017-04-26"}	2025-05-09 16:46:59.73072+02	postgres
121	videogames_register_videogame	DELETE	{"id": 32, "title": "Style service administration. Together whole start interesting five poor", "genre_id": 23, "description": "Put group mother gas prevent know experience. Popular structure likely resource business student. Benefit maintain large like specific.\\nMind our somebody generation way management.", "release_date": "2022-02-01"}	2025-05-09 16:46:59.73072+02	postgres
122	videogames_register_videogame	DELETE	{"id": 33, "title": "Late key guess benefit. Building thought push dinner phone", "genre_id": 23, "description": "Measure into most beautiful. Among future ok table. College than check lawyer set.\\nMedical trade all from movement image. Player administration just same plant. Life drop attorney somebody.", "release_date": "2025-02-05"}	2025-05-09 16:46:59.73072+02	postgres
123	videogames_register_videogame	DELETE	{"id": 34, "title": "Various until itself management. Model thought hope thousand character", "genre_id": 26, "description": "Soldier information until understand tax better. Bed clearly central sometimes others. Throughout structure interest serious prove.\\nCommon order war teach chair.", "release_date": "2024-09-24"}	2025-05-09 16:46:59.73072+02	postgres
124	auth_user	DELETE	{"id": 13, "email": "robingilbert@example.net", "is_staff": false, "password": "pbkdf2_sha256$870000$0Q0nh6mmyAxSaLVlG3aA1f$lP7fxZFj31m2Wbn89HElaAff8FlKzAt7Q2YTfOdRYaw=", "username": "kgarrett", "is_active": true, "last_name": "", "first_name": "", "last_login": null, "date_joined": "2025-05-09T14:39:18.899679+00:00", "is_superuser": false}	2025-05-09 16:46:59.806068+02	postgres
125	auth_user	DELETE	{"id": 14, "email": "amybyrd@example.com", "is_staff": false, "password": "pbkdf2_sha256$870000$inx56iptYEl7dgElvDN03k$I9Vl2kDqIOLE+r4xHD3ekSlohXGnom4y4BydUn/IxLA=", "username": "pwilcox", "is_active": true, "last_name": "", "first_name": "", "last_login": null, "date_joined": "2025-05-09T14:39:19.806783+00:00", "is_superuser": false}	2025-05-09 16:46:59.806068+02	postgres
126	auth_user	DELETE	{"id": 15, "email": "coltonlin@example.com", "is_staff": false, "password": "pbkdf2_sha256$870000$DetTOYPtuzFYtiDBJKy3KQ$gdeZ6yjyt/ykOZ71iKQ4iyZ8A0pjsK2iFpO7zma6EA0=", "username": "todd87", "is_active": true, "last_name": "", "first_name": "", "last_login": null, "date_joined": "2025-05-09T14:39:20.689587+00:00", "is_superuser": false}	2025-05-09 16:46:59.806068+02	postgres
127	auth_user	DELETE	{"id": 16, "email": "kevin46@example.com", "is_staff": false, "password": "pbkdf2_sha256$870000$FzBuNjDP4p9aBaqbYi2u0T$otTNOgyqKmu25ojri/QwYkahhqaRepsDyCT0oDfsirg=", "username": "richard73", "is_active": true, "last_name": "", "first_name": "", "last_login": null, "date_joined": "2025-05-09T14:39:21.634537+00:00", "is_superuser": false}	2025-05-09 16:46:59.806068+02	postgres
128	auth_user	DELETE	{"id": 17, "email": "davisstacy@example.org", "is_staff": false, "password": "pbkdf2_sha256$870000$2h6CGMRXUysFMNEdzEIxTD$5m7p3Cy1A7kLnHg0OPwEW/Q91ucjrqDhOrWjxTUgGPU=", "username": "toniarmstrong", "is_active": true, "last_name": "", "first_name": "", "last_login": null, "date_joined": "2025-05-09T14:39:22.521586+00:00", "is_superuser": false}	2025-05-09 16:46:59.806068+02	postgres
129	videogames_register_genre	DELETE	{"id": 23, "title": "Action"}	2025-05-09 16:46:59.84682+02	postgres
130	videogames_register_genre	DELETE	{"id": 24, "title": "Adventure"}	2025-05-09 16:46:59.84682+02	postgres
131	videogames_register_genre	DELETE	{"id": 25, "title": "RPG"}	2025-05-09 16:46:59.84682+02	postgres
132	videogames_register_genre	DELETE	{"id": 26, "title": "Shooter"}	2025-05-09 16:46:59.84682+02	postgres
133	videogames_register_genre	DELETE	{"id": 27, "title": "Puzzle"}	2025-05-09 16:46:59.84682+02	postgres
134	videogames_register_genre	DELETE	{"id": 28, "title": "Strategy"}	2025-05-09 16:46:59.84682+02	postgres
135	videogames_register_genre	DELETE	{"id": 29, "title": "Sports"}	2025-05-09 16:46:59.84682+02	postgres
136	videogames_register_genre	INSERT	{"id": 30, "title": "Action"}	2025-05-09 16:46:59.85641+02	postgres
137	videogames_register_genre	INSERT	{"id": 31, "title": "Adventure"}	2025-05-09 16:46:59.861676+02	postgres
138	videogames_register_genre	INSERT	{"id": 32, "title": "RPG"}	2025-05-09 16:46:59.864526+02	postgres
139	videogames_register_genre	INSERT	{"id": 33, "title": "Shooter"}	2025-05-09 16:46:59.867011+02	postgres
140	videogames_register_genre	INSERT	{"id": 34, "title": "Puzzle"}	2025-05-09 16:46:59.869639+02	postgres
141	videogames_register_genre	INSERT	{"id": 35, "title": "Strategy"}	2025-05-09 16:46:59.872272+02	postgres
142	videogames_register_genre	INSERT	{"id": 36, "title": "Sports"}	2025-05-09 16:46:59.875022+02	postgres
143	videogames_register_videogame	INSERT	{"id": 35, "title": "Thank service write voice. Sport firm you late long TV central", "genre_id": 36, "description": "Mrs operation any government follow without model. Opportunity care among chair fund. Campaign positive peace pick develop. Whole talk high prevent dream interesting think.", "release_date": "2020-08-12"}	2025-05-09 16:46:59.889857+02	postgres
144	videogames_register_videogame	INSERT	{"id": 36, "title": "Evidence hour be production. Cause baby list forget. Federal cause piece hard", "genre_id": 33, "description": "Person begin cultural beyond more fly specific phone. Matter into father parent.\\nCity debate cause. Girl newspaper many race loss field green.", "release_date": "2020-09-25"}	2025-05-09 16:46:59.908131+02	postgres
145	videogames_register_videogame	INSERT	{"id": 37, "title": "Read school eight fire hotel medical fast. Mr threat practice candidate", "genre_id": 33, "description": "Lawyer writer both loss south of. Throughout central six discover international.", "release_date": "2023-07-15"}	2025-05-09 16:46:59.910705+02	postgres
146	videogames_register_videogame	INSERT	{"id": 38, "title": "Small during discover your. Condition agent outside see drive meet", "genre_id": 31, "description": "Service light push better spend oil. Believe physical blood suddenly.\\nDiscover ability let. Size give worry PM. Every manage all final meeting step nice.\\nDark sometimes site board leader.", "release_date": "2020-01-04"}	2025-05-09 16:46:59.912554+02	postgres
147	videogames_register_videogame	INSERT	{"id": 39, "title": "Party home inside difference threat organization", "genre_id": 32, "description": "Letter style agent morning. Exist Mr region significant least. Now option everyone lay protect keep.", "release_date": "2017-11-24"}	2025-05-09 16:46:59.914351+02	postgres
148	videogames_register_videogame	INSERT	{"id": 40, "title": "Politics history face risk result. Effect imagine begin", "genre_id": 31, "description": "Doctor cost miss agency. Young raise stay maintain eye population surface.\\nPhysical ask reflect kitchen former card. Street follow responsibility information school natural sit. Man guess spend.", "release_date": "2016-12-24"}	2025-05-09 16:46:59.916054+02	postgres
149	videogames_register_videogame	INSERT	{"id": 41, "title": "Identify attack southern life woman kid. Picture near oil glass. Enjoy job wrong perform", "genre_id": 30, "description": "Think for defense nearly possible mention. Particularly least follow number describe material.\\nGroup own debate language support. Economy development force.", "release_date": "2016-04-06"}	2025-05-09 16:46:59.917728+02	postgres
150	videogames_register_videogame	INSERT	{"id": 42, "title": "Skill hospital cost suddenly market. Area accept rather maintain candidate air thank", "genre_id": 36, "description": "Forward figure once this. Field behavior happy. Total people always consumer myself.", "release_date": "2023-01-29"}	2025-05-09 16:46:59.919435+02	postgres
151	videogames_register_videogame	INSERT	{"id": 43, "title": "Ok attorney activity detail see scene former", "genre_id": 36, "description": "Ground office discover certain around. Little store subject.\\nCard miss toward test. Member shoulder even church evidence management brother.\\nBase soon authority take.", "release_date": "2015-10-15"}	2025-05-09 16:46:59.921512+02	postgres
152	videogames_register_videogame	INSERT	{"id": 44, "title": "Bad imagine those scientist media beyond. Same quickly work early training", "genre_id": 30, "description": "Suffer memory ahead own. Every bag former.\\nTrouble interest north half easy project garden. Body score consider.", "release_date": "2021-12-16"}	2025-05-09 16:46:59.92309+02	postgres
153	videogames_register_videogame	INSERT	{"id": 45, "title": "Girl chair floor make stuff catch process. Least product arrive everybody machine charge", "genre_id": 34, "description": "Political send sure central dog trade star. Four since task quality success prevent trouble.\\nEmployee such specific.\\nTerm spring you right exactly early. I beyond trial indicate skill stage PM enjoy.", "release_date": "2022-02-16"}	2025-05-09 16:46:59.926801+02	postgres
154	videogames_register_videogame	INSERT	{"id": 46, "title": "Voice language environment show spend fund west. Take study lot side sea spend middle", "genre_id": 34, "description": "Hospital feel knowledge street part address card. Wide none accept left summer if.\\nNext cup place. Poor rate business teach talk me training.", "release_date": "2018-08-06"}	2025-05-09 16:46:59.928489+02	postgres
155	videogames_register_videogame	INSERT	{"id": 47, "title": "Day magazine experience word. Form production west summer could", "genre_id": 35, "description": "Require build television continue imagine hospital just practice. Exactly including force seat these pressure.\\nPass watch old. Enter job after then region how. Her address minute six.", "release_date": "2017-04-15"}	2025-05-09 16:46:59.930404+02	postgres
156	videogames_register_videogame	INSERT	{"id": 48, "title": "Hear idea especially whether woman. Region now door significant plant", "genre_id": 33, "description": "Bad how make Democrat manage ok it civil. Dark property deep head.\\nParticipant loss politics night to result.", "release_date": "2016-11-29"}	2025-05-09 16:46:59.932079+02	postgres
157	videogames_register_videogame	INSERT	{"id": 49, "title": "Star choose benefit energy character establish imagine", "genre_id": 36, "description": "Boy state sing field structure blue. Free lot truth parent. Add scientist present on finally participant.\\nBad writer subject for better. According wall person scientist. Unit people nor nothing.", "release_date": "2023-02-25"}	2025-05-09 16:46:59.933862+02	postgres
158	videogames_register_videogame	INSERT	{"id": 50, "title": "Phone onto control tend type wife direction. Minute remember building role point federal", "genre_id": 30, "description": "Shake recognize husband yard eat exactly. Economic goal letter live board. Sound sign loss skin war.\\nEconomic either bill customer when past. Defense commercial organization.", "release_date": "2017-07-09"}	2025-05-09 16:46:59.935739+02	postgres
159	videogames_register_videogame	INSERT	{"id": 51, "title": "Use organization why its. Yourself sound apply skill particularly strong", "genre_id": 33, "description": "One community say east pay imagine talk. Bag loss indicate produce two later.\\nLaw current leg capital need your since. Song who single community drug painting like.", "release_date": "2019-12-24"}	2025-05-09 16:46:59.937627+02	postgres
160	videogames_register_videogame	INSERT	{"id": 52, "title": "Agree kind short business condition paper. Many person then particular man", "genre_id": 34, "description": "Effort personal the true entire.\\nGas page pay government participant focus. Sea trip push role hundred maybe.\\nHer piece away. Evidence car modern list. Item south enjoy.", "release_date": "2020-04-05"}	2025-05-09 16:46:59.939335+02	postgres
161	videogames_register_videogame	INSERT	{"id": 53, "title": "House present message bar series future. Gun night push real smile send", "genre_id": 30, "description": "Drop carry situation perhaps white anyone some. Run yard give glass four painting.\\nShould increase firm but whether. Animal trial pay it scientist population. Together across even.", "release_date": "2016-02-07"}	2025-05-09 16:46:59.94111+02	postgres
274	videogames_register_videogame	DELETE	{"id": 77, "title": "Mystic Quest", "genre_id": 39, "description": "Command your troops in a real-time strategy battlefield.", "release_date": "2021-04-30"}	2025-05-09 16:51:48.406832+02	postgres
162	videogames_register_videogame	INSERT	{"id": 54, "title": "Floor fish soldier agency fish television imagine special. Son early glass short him", "genre_id": 34, "description": "Test whom mother phone program low Republican. Set authority give ok better standard talk result.", "release_date": "2024-06-27"}	2025-05-09 16:46:59.943345+02	postgres
163	auth_user	INSERT	{"id": 18, "email": "kristahenry@example.com", "is_staff": false, "password": "pbkdf2_sha256$870000$payEjhytJYmxQO6wKw1LaY$D4pyuBuaLbmLkXxnybf+p50FWW5kzJ9T5XubXzRQWpg=", "username": "hendrixthomas", "is_active": true, "last_name": "", "first_name": "", "last_login": null, "date_joined": "2025-05-09T14:46:59.946273+00:00", "is_superuser": false}	2025-05-09 16:47:00.874108+02	postgres
164	auth_user	INSERT	{"id": 19, "email": "joellevine@example.com", "is_staff": false, "password": "pbkdf2_sha256$870000$xxe7lhavkKLGCetDYO7q9d$ONVqe4kwHux/DLYaZ+832cPnjOstC9AK+oLZE53UE6I=", "username": "liubeth", "is_active": true, "last_name": "", "first_name": "", "last_login": null, "date_joined": "2025-05-09T14:47:00.879263+00:00", "is_superuser": false}	2025-05-09 16:47:01.782031+02	postgres
165	auth_user	INSERT	{"id": 20, "email": "vrangel@example.com", "is_staff": false, "password": "pbkdf2_sha256$870000$mlkLfxIBodU8ovgy5F5vkk$IGhLsyys2mc1lqsgQZmI/vHuVFP7zAVPMSJ5XRss7wI=", "username": "arnoldmichelle", "is_active": true, "last_name": "", "first_name": "", "last_login": null, "date_joined": "2025-05-09T14:47:01.797545+00:00", "is_superuser": false}	2025-05-09 16:47:02.67986+02	postgres
166	auth_user	INSERT	{"id": 21, "email": "justinlewis@example.net", "is_staff": false, "password": "pbkdf2_sha256$870000$jiFkk4ZbTjfzH1VLxVolY1$Et+j2Dg0GujXZEtnQQjk27qplfzXI1/rQNiB9TlkBvE=", "username": "carpenterdeborah", "is_active": true, "last_name": "", "first_name": "", "last_login": null, "date_joined": "2025-05-09T14:47:02.684287+00:00", "is_superuser": false}	2025-05-09 16:47:03.574162+02	postgres
167	auth_user	INSERT	{"id": 22, "email": "goodmanmatthew@example.org", "is_staff": false, "password": "pbkdf2_sha256$870000$tjNRrFGMqJTRvcNG48Yu9J$VCf73+0GPAe1YUjZlPaZ2E9yO7f0nQrJhwqO1lu2F4Q=", "username": "lopezkim", "is_active": true, "last_name": "", "first_name": "", "last_login": null, "date_joined": "2025-05-09T14:47:03.577603+00:00", "is_superuser": false}	2025-05-09 16:47:04.479565+02	postgres
168	videogames_register_videogame	DELETE	{"id": 35, "title": "Thank service write voice. Sport firm you late long TV central", "genre_id": 36, "description": "Mrs operation any government follow without model. Opportunity care among chair fund. Campaign positive peace pick develop. Whole talk high prevent dream interesting think.", "release_date": "2020-08-12"}	2025-05-09 16:47:18.790667+02	postgres
169	videogames_register_videogame	DELETE	{"id": 36, "title": "Evidence hour be production. Cause baby list forget. Federal cause piece hard", "genre_id": 33, "description": "Person begin cultural beyond more fly specific phone. Matter into father parent.\\nCity debate cause. Girl newspaper many race loss field green.", "release_date": "2020-09-25"}	2025-05-09 16:47:18.790667+02	postgres
170	videogames_register_videogame	DELETE	{"id": 37, "title": "Read school eight fire hotel medical fast. Mr threat practice candidate", "genre_id": 33, "description": "Lawyer writer both loss south of. Throughout central six discover international.", "release_date": "2023-07-15"}	2025-05-09 16:47:18.790667+02	postgres
171	videogames_register_videogame	DELETE	{"id": 38, "title": "Small during discover your. Condition agent outside see drive meet", "genre_id": 31, "description": "Service light push better spend oil. Believe physical blood suddenly.\\nDiscover ability let. Size give worry PM. Every manage all final meeting step nice.\\nDark sometimes site board leader.", "release_date": "2020-01-04"}	2025-05-09 16:47:18.790667+02	postgres
172	videogames_register_videogame	DELETE	{"id": 39, "title": "Party home inside difference threat organization", "genre_id": 32, "description": "Letter style agent morning. Exist Mr region significant least. Now option everyone lay protect keep.", "release_date": "2017-11-24"}	2025-05-09 16:47:18.790667+02	postgres
173	videogames_register_videogame	DELETE	{"id": 40, "title": "Politics history face risk result. Effect imagine begin", "genre_id": 31, "description": "Doctor cost miss agency. Young raise stay maintain eye population surface.\\nPhysical ask reflect kitchen former card. Street follow responsibility information school natural sit. Man guess spend.", "release_date": "2016-12-24"}	2025-05-09 16:47:18.790667+02	postgres
174	videogames_register_videogame	DELETE	{"id": 41, "title": "Identify attack southern life woman kid. Picture near oil glass. Enjoy job wrong perform", "genre_id": 30, "description": "Think for defense nearly possible mention. Particularly least follow number describe material.\\nGroup own debate language support. Economy development force.", "release_date": "2016-04-06"}	2025-05-09 16:47:18.790667+02	postgres
175	videogames_register_videogame	DELETE	{"id": 42, "title": "Skill hospital cost suddenly market. Area accept rather maintain candidate air thank", "genre_id": 36, "description": "Forward figure once this. Field behavior happy. Total people always consumer myself.", "release_date": "2023-01-29"}	2025-05-09 16:47:18.790667+02	postgres
176	videogames_register_videogame	DELETE	{"id": 43, "title": "Ok attorney activity detail see scene former", "genre_id": 36, "description": "Ground office discover certain around. Little store subject.\\nCard miss toward test. Member shoulder even church evidence management brother.\\nBase soon authority take.", "release_date": "2015-10-15"}	2025-05-09 16:47:18.790667+02	postgres
177	videogames_register_videogame	DELETE	{"id": 44, "title": "Bad imagine those scientist media beyond. Same quickly work early training", "genre_id": 30, "description": "Suffer memory ahead own. Every bag former.\\nTrouble interest north half easy project garden. Body score consider.", "release_date": "2021-12-16"}	2025-05-09 16:47:18.790667+02	postgres
178	videogames_register_videogame	DELETE	{"id": 45, "title": "Girl chair floor make stuff catch process. Least product arrive everybody machine charge", "genre_id": 34, "description": "Political send sure central dog trade star. Four since task quality success prevent trouble.\\nEmployee such specific.\\nTerm spring you right exactly early. I beyond trial indicate skill stage PM enjoy.", "release_date": "2022-02-16"}	2025-05-09 16:47:18.790667+02	postgres
179	videogames_register_videogame	DELETE	{"id": 46, "title": "Voice language environment show spend fund west. Take study lot side sea spend middle", "genre_id": 34, "description": "Hospital feel knowledge street part address card. Wide none accept left summer if.\\nNext cup place. Poor rate business teach talk me training.", "release_date": "2018-08-06"}	2025-05-09 16:47:18.790667+02	postgres
180	videogames_register_videogame	DELETE	{"id": 47, "title": "Day magazine experience word. Form production west summer could", "genre_id": 35, "description": "Require build television continue imagine hospital just practice. Exactly including force seat these pressure.\\nPass watch old. Enter job after then region how. Her address minute six.", "release_date": "2017-04-15"}	2025-05-09 16:47:18.790667+02	postgres
181	videogames_register_videogame	DELETE	{"id": 48, "title": "Hear idea especially whether woman. Region now door significant plant", "genre_id": 33, "description": "Bad how make Democrat manage ok it civil. Dark property deep head.\\nParticipant loss politics night to result.", "release_date": "2016-11-29"}	2025-05-09 16:47:18.790667+02	postgres
182	videogames_register_videogame	DELETE	{"id": 49, "title": "Star choose benefit energy character establish imagine", "genre_id": 36, "description": "Boy state sing field structure blue. Free lot truth parent. Add scientist present on finally participant.\\nBad writer subject for better. According wall person scientist. Unit people nor nothing.", "release_date": "2023-02-25"}	2025-05-09 16:47:18.790667+02	postgres
183	videogames_register_videogame	DELETE	{"id": 50, "title": "Phone onto control tend type wife direction. Minute remember building role point federal", "genre_id": 30, "description": "Shake recognize husband yard eat exactly. Economic goal letter live board. Sound sign loss skin war.\\nEconomic either bill customer when past. Defense commercial organization.", "release_date": "2017-07-09"}	2025-05-09 16:47:18.790667+02	postgres
184	videogames_register_videogame	DELETE	{"id": 51, "title": "Use organization why its. Yourself sound apply skill particularly strong", "genre_id": 33, "description": "One community say east pay imagine talk. Bag loss indicate produce two later.\\nLaw current leg capital need your since. Song who single community drug painting like.", "release_date": "2019-12-24"}	2025-05-09 16:47:18.790667+02	postgres
185	videogames_register_videogame	DELETE	{"id": 52, "title": "Agree kind short business condition paper. Many person then particular man", "genre_id": 34, "description": "Effort personal the true entire.\\nGas page pay government participant focus. Sea trip push role hundred maybe.\\nHer piece away. Evidence car modern list. Item south enjoy.", "release_date": "2020-04-05"}	2025-05-09 16:47:18.790667+02	postgres
186	videogames_register_videogame	DELETE	{"id": 53, "title": "House present message bar series future. Gun night push real smile send", "genre_id": 30, "description": "Drop carry situation perhaps white anyone some. Run yard give glass four painting.\\nShould increase firm but whether. Animal trial pay it scientist population. Together across even.", "release_date": "2016-02-07"}	2025-05-09 16:47:18.790667+02	postgres
187	videogames_register_videogame	DELETE	{"id": 54, "title": "Floor fish soldier agency fish television imagine special. Son early glass short him", "genre_id": 34, "description": "Test whom mother phone program low Republican. Set authority give ok better standard talk result.", "release_date": "2024-06-27"}	2025-05-09 16:47:18.790667+02	postgres
188	auth_user	DELETE	{"id": 18, "email": "kristahenry@example.com", "is_staff": false, "password": "pbkdf2_sha256$870000$payEjhytJYmxQO6wKw1LaY$D4pyuBuaLbmLkXxnybf+p50FWW5kzJ9T5XubXzRQWpg=", "username": "hendrixthomas", "is_active": true, "last_name": "", "first_name": "", "last_login": null, "date_joined": "2025-05-09T14:46:59.946273+00:00", "is_superuser": false}	2025-05-09 16:47:18.82548+02	postgres
189	auth_user	DELETE	{"id": 19, "email": "joellevine@example.com", "is_staff": false, "password": "pbkdf2_sha256$870000$xxe7lhavkKLGCetDYO7q9d$ONVqe4kwHux/DLYaZ+832cPnjOstC9AK+oLZE53UE6I=", "username": "liubeth", "is_active": true, "last_name": "", "first_name": "", "last_login": null, "date_joined": "2025-05-09T14:47:00.879263+00:00", "is_superuser": false}	2025-05-09 16:47:18.82548+02	postgres
190	auth_user	DELETE	{"id": 20, "email": "vrangel@example.com", "is_staff": false, "password": "pbkdf2_sha256$870000$mlkLfxIBodU8ovgy5F5vkk$IGhLsyys2mc1lqsgQZmI/vHuVFP7zAVPMSJ5XRss7wI=", "username": "arnoldmichelle", "is_active": true, "last_name": "", "first_name": "", "last_login": null, "date_joined": "2025-05-09T14:47:01.797545+00:00", "is_superuser": false}	2025-05-09 16:47:18.82548+02	postgres
191	auth_user	DELETE	{"id": 21, "email": "justinlewis@example.net", "is_staff": false, "password": "pbkdf2_sha256$870000$jiFkk4ZbTjfzH1VLxVolY1$Et+j2Dg0GujXZEtnQQjk27qplfzXI1/rQNiB9TlkBvE=", "username": "carpenterdeborah", "is_active": true, "last_name": "", "first_name": "", "last_login": null, "date_joined": "2025-05-09T14:47:02.684287+00:00", "is_superuser": false}	2025-05-09 16:47:18.82548+02	postgres
192	auth_user	DELETE	{"id": 22, "email": "goodmanmatthew@example.org", "is_staff": false, "password": "pbkdf2_sha256$870000$tjNRrFGMqJTRvcNG48Yu9J$VCf73+0GPAe1YUjZlPaZ2E9yO7f0nQrJhwqO1lu2F4Q=", "username": "lopezkim", "is_active": true, "last_name": "", "first_name": "", "last_login": null, "date_joined": "2025-05-09T14:47:03.577603+00:00", "is_superuser": false}	2025-05-09 16:47:18.82548+02	postgres
193	videogames_register_genre	DELETE	{"id": 30, "title": "Action"}	2025-05-09 16:47:18.854477+02	postgres
194	videogames_register_genre	DELETE	{"id": 31, "title": "Adventure"}	2025-05-09 16:47:18.854477+02	postgres
195	videogames_register_genre	DELETE	{"id": 32, "title": "RPG"}	2025-05-09 16:47:18.854477+02	postgres
196	videogames_register_genre	DELETE	{"id": 33, "title": "Shooter"}	2025-05-09 16:47:18.854477+02	postgres
197	videogames_register_genre	DELETE	{"id": 34, "title": "Puzzle"}	2025-05-09 16:47:18.854477+02	postgres
198	videogames_register_genre	DELETE	{"id": 35, "title": "Strategy"}	2025-05-09 16:47:18.854477+02	postgres
199	videogames_register_genre	DELETE	{"id": 36, "title": "Sports"}	2025-05-09 16:47:18.854477+02	postgres
200	videogames_register_genre	INSERT	{"id": 37, "title": "Action"}	2025-05-09 16:47:18.860411+02	postgres
201	videogames_register_genre	INSERT	{"id": 38, "title": "Adventure"}	2025-05-09 16:47:18.864183+02	postgres
202	videogames_register_genre	INSERT	{"id": 39, "title": "RPG"}	2025-05-09 16:47:18.866747+02	postgres
203	videogames_register_genre	INSERT	{"id": 40, "title": "Shooter"}	2025-05-09 16:47:18.869292+02	postgres
204	videogames_register_genre	INSERT	{"id": 41, "title": "Puzzle"}	2025-05-09 16:47:18.872032+02	postgres
205	videogames_register_genre	INSERT	{"id": 42, "title": "Strategy"}	2025-05-09 16:47:18.874595+02	postgres
206	videogames_register_genre	INSERT	{"id": 43, "title": "Sports"}	2025-05-09 16:47:18.877292+02	postgres
207	videogames_register_videogame	INSERT	{"id": 55, "title": "Wife nearly seem improve top floor own make. Grow all place ahead", "genre_id": 40, "description": "Indeed consumer body response purpose them work. Respond play outside. Remain use inside.\\nParent few surface subject hair game bad human. Plan pattern brother. Change manager fill natural fire.", "release_date": "2023-09-26"}	2025-05-09 16:47:18.888855+02	postgres
208	videogames_register_videogame	INSERT	{"id": 56, "title": "When street field society better street their. Perhaps plan show rather event", "genre_id": 38, "description": "Money amount anyone with drug product chance. Health government member almost turn line day together. Fire important keep identify race.", "release_date": "2020-02-16"}	2025-05-09 16:47:18.897614+02	postgres
209	videogames_register_videogame	INSERT	{"id": 57, "title": "Care hope prepare day system. Traditional book nice wonder", "genre_id": 40, "description": "Decide attention fight rest large.\\nStyle usually rather past. Citizen evening force sell ready step. Hand white size resource.", "release_date": "2017-02-24"}	2025-05-09 16:47:18.899453+02	postgres
210	videogames_register_videogame	INSERT	{"id": 58, "title": "Middle morning cup buy civil worry similar. Within leg argue mind subject", "genre_id": 38, "description": "Long enter much easy center hear. Any vote these visit beyond military. Positive explain by give present onto door.", "release_date": "2020-04-17"}	2025-05-09 16:47:18.90162+02	postgres
211	videogames_register_videogame	INSERT	{"id": 59, "title": "Loss during college born. Age mind determine night citizen hundred", "genre_id": 41, "description": "Up candidate remember professor ground early movement fight.\\nTogether give bank animal long structure. Trade question young father approach tough.", "release_date": "2018-06-15"}	2025-05-09 16:47:18.903412+02	postgres
212	videogames_register_videogame	INSERT	{"id": 60, "title": "Dog itself share. Soon participant particular wall recent nice try", "genre_id": 42, "description": "Him hand goal deal indicate. Assume prevent stuff goal program edge.\\nOne dog save truth ok mouth. Drop without talk significant quite fight.", "release_date": "2018-03-19"}	2025-05-09 16:47:18.905269+02	postgres
213	videogames_register_videogame	INSERT	{"id": 61, "title": "Business fight six between. Administration cost baby fly", "genre_id": 42, "description": "Sit difference share clear. Feeling finally concern pick including same.\\nBecause newspaper cultural available without. Scene left all task just participant.", "release_date": "2018-04-07"}	2025-05-09 16:47:18.90706+02	postgres
214	videogames_register_videogame	INSERT	{"id": 62, "title": "Avoid police election. Man decision another simple some learn", "genre_id": 39, "description": "Still let crime road tree. Message at early picture record commercial race. Goal dog remain.\\nOld me few pay easy. Garden policy physical nice way father street. Spring new fact big.", "release_date": "2019-03-23"}	2025-05-09 16:47:18.908939+02	postgres
215	videogames_register_videogame	INSERT	{"id": 63, "title": "Account staff state material seven administration", "genre_id": 41, "description": "Company begin development go us attention watch wall. Individual hospital term population ever any. Dinner determine already majority could.", "release_date": "2019-02-18"}	2025-05-09 16:47:18.910732+02	postgres
216	videogames_register_videogame	INSERT	{"id": 64, "title": "People music either free wear become. Recently per card remain up use movement", "genre_id": 38, "description": "Remain wife mean can leg work above. Let floor forget writer tough. She often with affect relate reduce benefit.", "release_date": "2020-12-25"}	2025-05-09 16:47:18.91252+02	postgres
217	videogames_register_videogame	INSERT	{"id": 65, "title": "Have various pull sound since. Fire item pass. Skill mind follow detail usually stand", "genre_id": 39, "description": "Eight real energy accept wonder. From whole investment culture major drive.\\nWorker we similar newspaper all. Position speak evidence leave attention.", "release_date": "2022-11-14"}	2025-05-09 16:47:18.913984+02	postgres
218	videogames_register_videogame	INSERT	{"id": 66, "title": "Character policy floor later staff use ground", "genre_id": 41, "description": "Everyone season left see walk. Series create mother. Girl class carry material so stuff avoid. Computer smile hard instead usually family trade.", "release_date": "2018-05-16"}	2025-05-09 16:47:18.915529+02	postgres
219	videogames_register_videogame	INSERT	{"id": 67, "title": "Note party development find make need argue. Himself behind generation now over", "genre_id": 41, "description": "Page view language sign natural. Rather anything rest Mrs return forget rate. Long why next bring.", "release_date": "2017-08-13"}	2025-05-09 16:47:18.917049+02	postgres
220	videogames_register_videogame	INSERT	{"id": 68, "title": "Leave wait now. Decide our central remain window computer", "genre_id": 39, "description": "Look hope find energy middle he decision range.\\nFather coach something else drop fall. Pm subject impact nature.", "release_date": "2019-11-21"}	2025-05-09 16:47:18.918894+02	postgres
221	videogames_register_videogame	INSERT	{"id": 69, "title": "Room price hand. Rise country will mother institution system term", "genre_id": 40, "description": "Sea establish ago perform face after. Improve consider force exactly agreement. Majority if bag maintain hit.", "release_date": "2019-10-15"}	2025-05-09 16:47:18.920635+02	postgres
222	videogames_register_videogame	INSERT	{"id": 70, "title": "International during message husband forget. Buy follow bill among real management fill", "genre_id": 41, "description": "Only bit address attack least.\\nOwner media opportunity with response. Chair fear film.\\nAbove bill find expert PM small.", "release_date": "2022-04-25"}	2025-05-09 16:47:18.922567+02	postgres
223	videogames_register_videogame	INSERT	{"id": 71, "title": "Get another same drug. Wide myself society piece light model song current", "genre_id": 42, "description": "Later record reach hospital. Response trade under.\\nOpen challenge church glass former. Enough suffer break thought.\\nToday beautiful feel explain must control.", "release_date": "2016-12-16"}	2025-05-09 16:47:18.924518+02	postgres
224	videogames_register_videogame	INSERT	{"id": 72, "title": "Successful fight phone need different face. About like matter", "genre_id": 40, "description": "Sure particular several bad subject whatever. Watch walk dinner off color.", "release_date": "2018-12-31"}	2025-05-09 16:47:18.92626+02	postgres
225	videogames_register_videogame	INSERT	{"id": 73, "title": "Even stay argue. Design challenge indeed capital order. Over issue good message relate", "genre_id": 42, "description": "Hour present day prepare. Fly marriage yeah whose.\\nRole together reflect reach budget dark explain. West shake simple professor establish measure list. Off indicate spring walk.", "release_date": "2025-01-26"}	2025-05-09 16:47:18.928113+02	postgres
226	videogames_register_videogame	INSERT	{"id": 74, "title": "Skin require down hand. Play approach leg. Produce international road here", "genre_id": 42, "description": "Wonder look member about article. Material tend might south nothing voice summer.\\nGeneral card senior system. Charge real career pass consumer strategy. People score relate enjoy.", "release_date": "2021-04-05"}	2025-05-09 16:47:18.929963+02	postgres
227	auth_user	INSERT	{"id": 23, "email": "keith46@example.com", "is_staff": false, "password": "pbkdf2_sha256$870000$gCt1xsQq0ucW2CK7hzy9E4$KWapEpzaBMTMJo6AJ+p7IlG0IlxuOKeODIn3zhi3S7U=", "username": "ashleyfowler", "is_active": true, "last_name": "", "first_name": "", "last_login": null, "date_joined": "2025-05-09T14:47:18.93359+00:00", "is_superuser": false}	2025-05-09 16:47:19.901197+02	postgres
309	videogames_register_genre	INSERT	{"id": 49, "title": "Strategy"}	2025-05-09 16:51:48.525152+02	postgres
228	auth_user	INSERT	{"id": 24, "email": "suzanne30@example.org", "is_staff": false, "password": "pbkdf2_sha256$870000$xDx91VneObQTfrMVVXQnJX$/NiBdLBp7xHj5/1zDYHvIu0MVaUZIgSQwH7lpLZaBEE=", "username": "whiteheadrobin", "is_active": true, "last_name": "", "first_name": "", "last_login": null, "date_joined": "2025-05-09T14:47:19.906075+00:00", "is_superuser": false}	2025-05-09 16:47:20.863508+02	postgres
229	auth_user	INSERT	{"id": 25, "email": "markvalencia@example.net", "is_staff": false, "password": "pbkdf2_sha256$870000$pkEy07UUG1ZkwUzbyPCjYv$qK6uPXW5HjOLzUhfuC0b6hAKE/SGNKmUSff1kl9ribc=", "username": "ywhite", "is_active": true, "last_name": "", "first_name": "", "last_login": null, "date_joined": "2025-05-09T14:47:20.866415+00:00", "is_superuser": false}	2025-05-09 16:47:21.847193+02	postgres
230	auth_user	INSERT	{"id": 26, "email": "bradley63@example.com", "is_staff": false, "password": "pbkdf2_sha256$870000$PPSyfXWWJuy0C9MqO4H0iz$5fWcLELpboBeJNMBdb72U8fX8HBeiIlgubNNnLvG2Nk=", "username": "angelaadams", "is_active": true, "last_name": "", "first_name": "", "last_login": null, "date_joined": "2025-05-09T14:47:21.865411+00:00", "is_superuser": false}	2025-05-09 16:47:22.805058+02	postgres
231	auth_user	INSERT	{"id": 27, "email": "perry43@example.com", "is_staff": false, "password": "pbkdf2_sha256$870000$niWg64P2WFdAi36pE2HLIG$vnLRIq0XdQFlkjwcicjkCgnw1JbQ8ylOZHAEXc793AU=", "username": "meyeranthony", "is_active": true, "last_name": "", "first_name": "", "last_login": null, "date_joined": "2025-05-09T14:47:22.80767+00:00", "is_superuser": false}	2025-05-09 16:47:23.786943+02	postgres
232	videogames_register_videogame	INSERT	{"id": 75, "title": "Shadowblade", "genre_id": 43, "description": "A fast-paced action game set in a dystopian future.", "release_date": "2017-03-08"}	2025-05-09 16:47:23.791437+02	postgres
233	videogames_register_videogame	INSERT	{"id": 76, "title": "Galactic Titans", "genre_id": 37, "description": "Explore ancient ruins and uncover hidden secrets.", "release_date": "2019-04-26"}	2025-05-09 16:47:23.797898+02	postgres
234	videogames_register_videogame	INSERT	{"id": 77, "title": "Mystic Quest", "genre_id": 39, "description": "Command your troops in a real-time strategy battlefield.", "release_date": "2021-04-30"}	2025-05-09 16:47:23.799152+02	postgres
235	videogames_register_videogame	INSERT	{"id": 78, "title": "Steel Reign", "genre_id": 38, "description": "Join the rebellion against the galactic empire.", "release_date": "2021-08-16"}	2025-05-09 16:47:23.800354+02	postgres
236	videogames_register_videogame	INSERT	{"id": 79, "title": "Cyber Drift", "genre_id": 43, "description": "A fantasy RPG with immersive storytelling and rich lore.", "release_date": "2024-10-27"}	2025-05-09 16:47:23.801634+02	postgres
237	videogames_register_videogame	INSERT	{"id": 80, "title": "Knightfall Chronicles", "genre_id": 39, "description": "Drive high-tech vehicles in a neon cyberpunk city.", "release_date": "2020-07-11"}	2025-05-09 16:47:23.802865+02	postgres
238	videogames_register_videogame	INSERT	{"id": 81, "title": "Inferno Squad", "genre_id": 42, "description": "Survive endless waves of enemies in post-apocalyptic arenas.", "release_date": "2020-11-28"}	2025-05-09 16:47:23.804233+02	postgres
239	videogames_register_videogame	INSERT	{"id": 82, "title": "Frostbound", "genre_id": 37, "description": "Build and manage your own medieval kingdom.", "release_date": "2023-09-01"}	2025-05-09 16:47:23.80559+02	postgres
240	videogames_register_videogame	INSERT	{"id": 83, "title": "Echoes of Oblivion", "genre_id": 39, "description": "Compete in futuristic sports tournaments with deadly consequences.", "release_date": "2023-10-16"}	2025-05-09 16:47:23.806853+02	postgres
241	videogames_register_videogame	INSERT	{"id": 84, "title": "Nova Arena", "genre_id": 41, "description": "Navigate political intrigue and betrayal in a space federation.", "release_date": "2021-10-01"}	2025-05-09 16:47:23.808122+02	postgres
242	videogames_register_videogame	INSERT	{"id": 85, "title": "Crystal Rift", "genre_id": 40, "description": "Hack into networks while avoiding elite AI defenders.", "release_date": "2022-10-30"}	2025-05-09 16:47:23.809436+02	postgres
243	videogames_register_videogame	INSERT	{"id": 86, "title": "Phantom Protocol", "genre_id": 41, "description": "Fly elite starfighters in tactical interstellar battles.", "release_date": "2020-04-15"}	2025-05-09 16:47:23.810754+02	postgres
244	videogames_register_videogame	INSERT	{"id": 87, "title": "Neon Shards", "genre_id": 41, "description": "Uncover the mystery behind vanishing cities.", "release_date": "2022-02-20"}	2025-05-09 16:47:23.812024+02	postgres
245	videogames_register_videogame	INSERT	{"id": 88, "title": "Eternal Siege", "genre_id": 38, "description": "Combine magic and technology to restore a broken world.", "release_date": "2022-05-17"}	2025-05-09 16:47:23.81324+02	postgres
246	videogames_register_videogame	INSERT	{"id": 89, "title": "Dark Horizon", "genre_id": 42, "description": "Control mythical creatures in turn-based combat.", "release_date": "2016-05-23"}	2025-05-09 16:47:23.814536+02	postgres
247	videogames_register_videogame	INSERT	{"id": 90, "title": "Turbo Strikers", "genre_id": 42, "description": "Battle rogue AIs in a derelict digital wasteland.", "release_date": "2017-08-17"}	2025-05-09 16:47:23.815841+02	postgres
248	videogames_register_videogame	INSERT	{"id": 91, "title": "Skyfall Bastion", "genre_id": 39, "description": "Rescue colonies lost to alien infestations.", "release_date": "2020-01-08"}	2025-05-09 16:47:23.81713+02	postgres
249	videogames_register_videogame	INSERT	{"id": 92, "title": "Quantum Rift", "genre_id": 38, "description": "Rebuild civilization after a massive solar storm.", "release_date": "2022-12-10"}	2025-05-09 16:47:23.818568+02	postgres
250	videogames_register_videogame	INSERT	{"id": 93, "title": "Blood Circuit", "genre_id": 40, "description": "Explore underwater cities and defend against sea monsters.", "release_date": "2017-10-05"}	2025-05-09 16:47:23.819904+02	postgres
251	videogames_register_videogame	INSERT	{"id": 94, "title": "Ashen Crown", "genre_id": 42, "description": "Join secret guilds and shape the fate of nations.", "release_date": "2020-12-27"}	2025-05-09 16:47:23.821248+02	postgres
252	videogames_register_videogame	DELETE	{"id": 55, "title": "Wife nearly seem improve top floor own make. Grow all place ahead", "genre_id": 40, "description": "Indeed consumer body response purpose them work. Respond play outside. Remain use inside.\\nParent few surface subject hair game bad human. Plan pattern brother. Change manager fill natural fire.", "release_date": "2023-09-26"}	2025-05-09 16:51:48.406832+02	postgres
275	videogames_register_videogame	DELETE	{"id": 78, "title": "Steel Reign", "genre_id": 38, "description": "Join the rebellion against the galactic empire.", "release_date": "2021-08-16"}	2025-05-09 16:51:48.406832+02	postgres
253	videogames_register_videogame	DELETE	{"id": 56, "title": "When street field society better street their. Perhaps plan show rather event", "genre_id": 38, "description": "Money amount anyone with drug product chance. Health government member almost turn line day together. Fire important keep identify race.", "release_date": "2020-02-16"}	2025-05-09 16:51:48.406832+02	postgres
254	videogames_register_videogame	DELETE	{"id": 57, "title": "Care hope prepare day system. Traditional book nice wonder", "genre_id": 40, "description": "Decide attention fight rest large.\\nStyle usually rather past. Citizen evening force sell ready step. Hand white size resource.", "release_date": "2017-02-24"}	2025-05-09 16:51:48.406832+02	postgres
255	videogames_register_videogame	DELETE	{"id": 58, "title": "Middle morning cup buy civil worry similar. Within leg argue mind subject", "genre_id": 38, "description": "Long enter much easy center hear. Any vote these visit beyond military. Positive explain by give present onto door.", "release_date": "2020-04-17"}	2025-05-09 16:51:48.406832+02	postgres
256	videogames_register_videogame	DELETE	{"id": 59, "title": "Loss during college born. Age mind determine night citizen hundred", "genre_id": 41, "description": "Up candidate remember professor ground early movement fight.\\nTogether give bank animal long structure. Trade question young father approach tough.", "release_date": "2018-06-15"}	2025-05-09 16:51:48.406832+02	postgres
257	videogames_register_videogame	DELETE	{"id": 60, "title": "Dog itself share. Soon participant particular wall recent nice try", "genre_id": 42, "description": "Him hand goal deal indicate. Assume prevent stuff goal program edge.\\nOne dog save truth ok mouth. Drop without talk significant quite fight.", "release_date": "2018-03-19"}	2025-05-09 16:51:48.406832+02	postgres
258	videogames_register_videogame	DELETE	{"id": 61, "title": "Business fight six between. Administration cost baby fly", "genre_id": 42, "description": "Sit difference share clear. Feeling finally concern pick including same.\\nBecause newspaper cultural available without. Scene left all task just participant.", "release_date": "2018-04-07"}	2025-05-09 16:51:48.406832+02	postgres
259	videogames_register_videogame	DELETE	{"id": 62, "title": "Avoid police election. Man decision another simple some learn", "genre_id": 39, "description": "Still let crime road tree. Message at early picture record commercial race. Goal dog remain.\\nOld me few pay easy. Garden policy physical nice way father street. Spring new fact big.", "release_date": "2019-03-23"}	2025-05-09 16:51:48.406832+02	postgres
260	videogames_register_videogame	DELETE	{"id": 63, "title": "Account staff state material seven administration", "genre_id": 41, "description": "Company begin development go us attention watch wall. Individual hospital term population ever any. Dinner determine already majority could.", "release_date": "2019-02-18"}	2025-05-09 16:51:48.406832+02	postgres
261	videogames_register_videogame	DELETE	{"id": 64, "title": "People music either free wear become. Recently per card remain up use movement", "genre_id": 38, "description": "Remain wife mean can leg work above. Let floor forget writer tough. She often with affect relate reduce benefit.", "release_date": "2020-12-25"}	2025-05-09 16:51:48.406832+02	postgres
262	videogames_register_videogame	DELETE	{"id": 65, "title": "Have various pull sound since. Fire item pass. Skill mind follow detail usually stand", "genre_id": 39, "description": "Eight real energy accept wonder. From whole investment culture major drive.\\nWorker we similar newspaper all. Position speak evidence leave attention.", "release_date": "2022-11-14"}	2025-05-09 16:51:48.406832+02	postgres
263	videogames_register_videogame	DELETE	{"id": 66, "title": "Character policy floor later staff use ground", "genre_id": 41, "description": "Everyone season left see walk. Series create mother. Girl class carry material so stuff avoid. Computer smile hard instead usually family trade.", "release_date": "2018-05-16"}	2025-05-09 16:51:48.406832+02	postgres
264	videogames_register_videogame	DELETE	{"id": 67, "title": "Note party development find make need argue. Himself behind generation now over", "genre_id": 41, "description": "Page view language sign natural. Rather anything rest Mrs return forget rate. Long why next bring.", "release_date": "2017-08-13"}	2025-05-09 16:51:48.406832+02	postgres
265	videogames_register_videogame	DELETE	{"id": 68, "title": "Leave wait now. Decide our central remain window computer", "genre_id": 39, "description": "Look hope find energy middle he decision range.\\nFather coach something else drop fall. Pm subject impact nature.", "release_date": "2019-11-21"}	2025-05-09 16:51:48.406832+02	postgres
266	videogames_register_videogame	DELETE	{"id": 69, "title": "Room price hand. Rise country will mother institution system term", "genre_id": 40, "description": "Sea establish ago perform face after. Improve consider force exactly agreement. Majority if bag maintain hit.", "release_date": "2019-10-15"}	2025-05-09 16:51:48.406832+02	postgres
267	videogames_register_videogame	DELETE	{"id": 70, "title": "International during message husband forget. Buy follow bill among real management fill", "genre_id": 41, "description": "Only bit address attack least.\\nOwner media opportunity with response. Chair fear film.\\nAbove bill find expert PM small.", "release_date": "2022-04-25"}	2025-05-09 16:51:48.406832+02	postgres
268	videogames_register_videogame	DELETE	{"id": 71, "title": "Get another same drug. Wide myself society piece light model song current", "genre_id": 42, "description": "Later record reach hospital. Response trade under.\\nOpen challenge church glass former. Enough suffer break thought.\\nToday beautiful feel explain must control.", "release_date": "2016-12-16"}	2025-05-09 16:51:48.406832+02	postgres
269	videogames_register_videogame	DELETE	{"id": 72, "title": "Successful fight phone need different face. About like matter", "genre_id": 40, "description": "Sure particular several bad subject whatever. Watch walk dinner off color.", "release_date": "2018-12-31"}	2025-05-09 16:51:48.406832+02	postgres
270	videogames_register_videogame	DELETE	{"id": 73, "title": "Even stay argue. Design challenge indeed capital order. Over issue good message relate", "genre_id": 42, "description": "Hour present day prepare. Fly marriage yeah whose.\\nRole together reflect reach budget dark explain. West shake simple professor establish measure list. Off indicate spring walk.", "release_date": "2025-01-26"}	2025-05-09 16:51:48.406832+02	postgres
271	videogames_register_videogame	DELETE	{"id": 74, "title": "Skin require down hand. Play approach leg. Produce international road here", "genre_id": 42, "description": "Wonder look member about article. Material tend might south nothing voice summer.\\nGeneral card senior system. Charge real career pass consumer strategy. People score relate enjoy.", "release_date": "2021-04-05"}	2025-05-09 16:51:48.406832+02	postgres
308	videogames_register_genre	INSERT	{"id": 48, "title": "Puzzle"}	2025-05-09 16:51:48.52257+02	postgres
276	videogames_register_videogame	DELETE	{"id": 79, "title": "Cyber Drift", "genre_id": 43, "description": "A fantasy RPG with immersive storytelling and rich lore.", "release_date": "2024-10-27"}	2025-05-09 16:51:48.406832+02	postgres
277	videogames_register_videogame	DELETE	{"id": 80, "title": "Knightfall Chronicles", "genre_id": 39, "description": "Drive high-tech vehicles in a neon cyberpunk city.", "release_date": "2020-07-11"}	2025-05-09 16:51:48.406832+02	postgres
278	videogames_register_videogame	DELETE	{"id": 81, "title": "Inferno Squad", "genre_id": 42, "description": "Survive endless waves of enemies in post-apocalyptic arenas.", "release_date": "2020-11-28"}	2025-05-09 16:51:48.406832+02	postgres
279	videogames_register_videogame	DELETE	{"id": 82, "title": "Frostbound", "genre_id": 37, "description": "Build and manage your own medieval kingdom.", "release_date": "2023-09-01"}	2025-05-09 16:51:48.406832+02	postgres
280	videogames_register_videogame	DELETE	{"id": 83, "title": "Echoes of Oblivion", "genre_id": 39, "description": "Compete in futuristic sports tournaments with deadly consequences.", "release_date": "2023-10-16"}	2025-05-09 16:51:48.406832+02	postgres
281	videogames_register_videogame	DELETE	{"id": 84, "title": "Nova Arena", "genre_id": 41, "description": "Navigate political intrigue and betrayal in a space federation.", "release_date": "2021-10-01"}	2025-05-09 16:51:48.406832+02	postgres
282	videogames_register_videogame	DELETE	{"id": 85, "title": "Crystal Rift", "genre_id": 40, "description": "Hack into networks while avoiding elite AI defenders.", "release_date": "2022-10-30"}	2025-05-09 16:51:48.406832+02	postgres
283	videogames_register_videogame	DELETE	{"id": 86, "title": "Phantom Protocol", "genre_id": 41, "description": "Fly elite starfighters in tactical interstellar battles.", "release_date": "2020-04-15"}	2025-05-09 16:51:48.406832+02	postgres
284	videogames_register_videogame	DELETE	{"id": 87, "title": "Neon Shards", "genre_id": 41, "description": "Uncover the mystery behind vanishing cities.", "release_date": "2022-02-20"}	2025-05-09 16:51:48.406832+02	postgres
285	videogames_register_videogame	DELETE	{"id": 88, "title": "Eternal Siege", "genre_id": 38, "description": "Combine magic and technology to restore a broken world.", "release_date": "2022-05-17"}	2025-05-09 16:51:48.406832+02	postgres
286	videogames_register_videogame	DELETE	{"id": 89, "title": "Dark Horizon", "genre_id": 42, "description": "Control mythical creatures in turn-based combat.", "release_date": "2016-05-23"}	2025-05-09 16:51:48.406832+02	postgres
287	videogames_register_videogame	DELETE	{"id": 90, "title": "Turbo Strikers", "genre_id": 42, "description": "Battle rogue AIs in a derelict digital wasteland.", "release_date": "2017-08-17"}	2025-05-09 16:51:48.406832+02	postgres
288	videogames_register_videogame	DELETE	{"id": 91, "title": "Skyfall Bastion", "genre_id": 39, "description": "Rescue colonies lost to alien infestations.", "release_date": "2020-01-08"}	2025-05-09 16:51:48.406832+02	postgres
289	videogames_register_videogame	DELETE	{"id": 92, "title": "Quantum Rift", "genre_id": 38, "description": "Rebuild civilization after a massive solar storm.", "release_date": "2022-12-10"}	2025-05-09 16:51:48.406832+02	postgres
290	videogames_register_videogame	DELETE	{"id": 93, "title": "Blood Circuit", "genre_id": 40, "description": "Explore underwater cities and defend against sea monsters.", "release_date": "2017-10-05"}	2025-05-09 16:51:48.406832+02	postgres
291	videogames_register_videogame	DELETE	{"id": 94, "title": "Ashen Crown", "genre_id": 42, "description": "Join secret guilds and shape the fate of nations.", "release_date": "2020-12-27"}	2025-05-09 16:51:48.406832+02	postgres
292	auth_user	DELETE	{"id": 23, "email": "keith46@example.com", "is_staff": false, "password": "pbkdf2_sha256$870000$gCt1xsQq0ucW2CK7hzy9E4$KWapEpzaBMTMJo6AJ+p7IlG0IlxuOKeODIn3zhi3S7U=", "username": "ashleyfowler", "is_active": true, "last_name": "", "first_name": "", "last_login": null, "date_joined": "2025-05-09T14:47:18.93359+00:00", "is_superuser": false}	2025-05-09 16:51:48.476096+02	postgres
293	auth_user	DELETE	{"id": 24, "email": "suzanne30@example.org", "is_staff": false, "password": "pbkdf2_sha256$870000$xDx91VneObQTfrMVVXQnJX$/NiBdLBp7xHj5/1zDYHvIu0MVaUZIgSQwH7lpLZaBEE=", "username": "whiteheadrobin", "is_active": true, "last_name": "", "first_name": "", "last_login": null, "date_joined": "2025-05-09T14:47:19.906075+00:00", "is_superuser": false}	2025-05-09 16:51:48.476096+02	postgres
294	auth_user	DELETE	{"id": 25, "email": "markvalencia@example.net", "is_staff": false, "password": "pbkdf2_sha256$870000$pkEy07UUG1ZkwUzbyPCjYv$qK6uPXW5HjOLzUhfuC0b6hAKE/SGNKmUSff1kl9ribc=", "username": "ywhite", "is_active": true, "last_name": "", "first_name": "", "last_login": null, "date_joined": "2025-05-09T14:47:20.866415+00:00", "is_superuser": false}	2025-05-09 16:51:48.476096+02	postgres
295	auth_user	DELETE	{"id": 26, "email": "bradley63@example.com", "is_staff": false, "password": "pbkdf2_sha256$870000$PPSyfXWWJuy0C9MqO4H0iz$5fWcLELpboBeJNMBdb72U8fX8HBeiIlgubNNnLvG2Nk=", "username": "angelaadams", "is_active": true, "last_name": "", "first_name": "", "last_login": null, "date_joined": "2025-05-09T14:47:21.865411+00:00", "is_superuser": false}	2025-05-09 16:51:48.476096+02	postgres
296	auth_user	DELETE	{"id": 27, "email": "perry43@example.com", "is_staff": false, "password": "pbkdf2_sha256$870000$niWg64P2WFdAi36pE2HLIG$vnLRIq0XdQFlkjwcicjkCgnw1JbQ8ylOZHAEXc793AU=", "username": "meyeranthony", "is_active": true, "last_name": "", "first_name": "", "last_login": null, "date_joined": "2025-05-09T14:47:22.80767+00:00", "is_superuser": false}	2025-05-09 16:51:48.476096+02	postgres
297	videogames_register_genre	DELETE	{"id": 37, "title": "Action"}	2025-05-09 16:51:48.503749+02	postgres
298	videogames_register_genre	DELETE	{"id": 38, "title": "Adventure"}	2025-05-09 16:51:48.503749+02	postgres
299	videogames_register_genre	DELETE	{"id": 39, "title": "RPG"}	2025-05-09 16:51:48.503749+02	postgres
300	videogames_register_genre	DELETE	{"id": 40, "title": "Shooter"}	2025-05-09 16:51:48.503749+02	postgres
301	videogames_register_genre	DELETE	{"id": 41, "title": "Puzzle"}	2025-05-09 16:51:48.503749+02	postgres
302	videogames_register_genre	DELETE	{"id": 42, "title": "Strategy"}	2025-05-09 16:51:48.503749+02	postgres
303	videogames_register_genre	DELETE	{"id": 43, "title": "Sports"}	2025-05-09 16:51:48.503749+02	postgres
304	videogames_register_genre	INSERT	{"id": 44, "title": "Action"}	2025-05-09 16:51:48.509907+02	postgres
305	videogames_register_genre	INSERT	{"id": 45, "title": "Adventure"}	2025-05-09 16:51:48.514307+02	postgres
306	videogames_register_genre	INSERT	{"id": 46, "title": "RPG"}	2025-05-09 16:51:48.516907+02	postgres
307	videogames_register_genre	INSERT	{"id": 47, "title": "Shooter"}	2025-05-09 16:51:48.519784+02	postgres
311	videogames_register_genre	DELETE	{"id": 44, "title": "Action"}	2025-05-09 16:52:40.193429+02	postgres
312	videogames_register_genre	DELETE	{"id": 45, "title": "Adventure"}	2025-05-09 16:52:40.193429+02	postgres
313	videogames_register_genre	DELETE	{"id": 46, "title": "RPG"}	2025-05-09 16:52:40.193429+02	postgres
314	videogames_register_genre	DELETE	{"id": 47, "title": "Shooter"}	2025-05-09 16:52:40.193429+02	postgres
315	videogames_register_genre	DELETE	{"id": 48, "title": "Puzzle"}	2025-05-09 16:52:40.193429+02	postgres
316	videogames_register_genre	DELETE	{"id": 49, "title": "Strategy"}	2025-05-09 16:52:40.193429+02	postgres
317	videogames_register_genre	DELETE	{"id": 50, "title": "Sports"}	2025-05-09 16:52:40.193429+02	postgres
318	videogames_register_genre	INSERT	{"id": 51, "title": "Action"}	2025-05-09 16:52:40.209268+02	postgres
319	videogames_register_genre	INSERT	{"id": 52, "title": "Adventure"}	2025-05-09 16:52:40.212634+02	postgres
320	videogames_register_genre	INSERT	{"id": 53, "title": "RPG"}	2025-05-09 16:52:40.21539+02	postgres
321	videogames_register_genre	INSERT	{"id": 54, "title": "Shooter"}	2025-05-09 16:52:40.218077+02	postgres
322	videogames_register_genre	INSERT	{"id": 55, "title": "Puzzle"}	2025-05-09 16:52:40.220597+02	postgres
323	videogames_register_genre	INSERT	{"id": 56, "title": "Strategy"}	2025-05-09 16:52:40.223214+02	postgres
324	videogames_register_genre	INSERT	{"id": 57, "title": "Sports"}	2025-05-09 16:52:40.226511+02	postgres
325	videogames_register_videogame	INSERT	{"id": 95, "title": "Shadowblade", "genre_id": 55, "description": "A fast-paced action game set in a dystopian future.", "release_date": "2018-04-15"}	2025-05-09 16:52:40.238193+02	postgres
326	videogames_register_videogame	INSERT	{"id": 96, "title": "Galactic Titans", "genre_id": 55, "description": "Explore ancient ruins and uncover hidden secrets.", "release_date": "2015-12-19"}	2025-05-09 16:52:40.266713+02	postgres
327	videogames_register_videogame	INSERT	{"id": 97, "title": "Mystic Quest", "genre_id": 52, "description": "Command your troops in a real-time strategy battlefield.", "release_date": "2015-09-28"}	2025-05-09 16:52:40.268601+02	postgres
328	videogames_register_videogame	INSERT	{"id": 98, "title": "Steel Reign", "genre_id": 52, "description": "Join the rebellion against the galactic empire.", "release_date": "2022-05-14"}	2025-05-09 16:52:40.27045+02	postgres
329	videogames_register_videogame	INSERT	{"id": 99, "title": "Cyber Drift", "genre_id": 52, "description": "A fantasy RPG with immersive storytelling and rich lore.", "release_date": "2016-12-07"}	2025-05-09 16:52:40.272129+02	postgres
330	videogames_register_videogame	INSERT	{"id": 100, "title": "Knightfall Chronicles", "genre_id": 51, "description": "Drive high-tech vehicles in a neon cyberpunk city.", "release_date": "2015-06-19"}	2025-05-09 16:52:40.273649+02	postgres
331	videogames_register_videogame	INSERT	{"id": 101, "title": "Inferno Squad", "genre_id": 52, "description": "Survive endless waves of enemies in post-apocalyptic arenas.", "release_date": "2018-07-22"}	2025-05-09 16:52:40.275341+02	postgres
332	videogames_register_videogame	INSERT	{"id": 102, "title": "Frostbound", "genre_id": 56, "description": "Build and manage your own medieval kingdom.", "release_date": "2017-12-31"}	2025-05-09 16:52:40.276732+02	postgres
333	videogames_register_videogame	INSERT	{"id": 103, "title": "Echoes of Oblivion", "genre_id": 52, "description": "Compete in futuristic sports tournaments with deadly consequences.", "release_date": "2017-08-15"}	2025-05-09 16:52:40.278211+02	postgres
334	videogames_register_videogame	INSERT	{"id": 104, "title": "Nova Arena", "genre_id": 56, "description": "Navigate political intrigue and betrayal in a space federation.", "release_date": "2023-03-11"}	2025-05-09 16:52:40.279923+02	postgres
335	videogames_register_videogame	INSERT	{"id": 105, "title": "Crystal Rift", "genre_id": 55, "description": "Hack into networks while avoiding elite AI defenders.", "release_date": "2015-08-20"}	2025-05-09 16:52:40.281561+02	postgres
336	videogames_register_videogame	INSERT	{"id": 106, "title": "Phantom Protocol", "genre_id": 51, "description": "Fly elite starfighters in tactical interstellar battles.", "release_date": "2016-06-26"}	2025-05-09 16:52:40.282987+02	postgres
337	videogames_register_videogame	INSERT	{"id": 107, "title": "Neon Shards", "genre_id": 57, "description": "Uncover the mystery behind vanishing cities.", "release_date": "2021-10-08"}	2025-05-09 16:52:40.28472+02	postgres
338	videogames_register_videogame	INSERT	{"id": 108, "title": "Eternal Siege", "genre_id": 55, "description": "Combine magic and technology to restore a broken world.", "release_date": "2019-04-11"}	2025-05-09 16:52:40.286155+02	postgres
339	videogames_register_videogame	INSERT	{"id": 109, "title": "Dark Horizon", "genre_id": 54, "description": "Control mythical creatures in turn-based combat.", "release_date": "2022-07-26"}	2025-05-09 16:52:40.287755+02	postgres
340	videogames_register_videogame	INSERT	{"id": 110, "title": "Turbo Strikers", "genre_id": 57, "description": "Battle rogue AIs in a derelict digital wasteland.", "release_date": "2025-03-20"}	2025-05-09 16:52:40.289155+02	postgres
341	videogames_register_videogame	INSERT	{"id": 111, "title": "Skyfall Bastion", "genre_id": 54, "description": "Rescue colonies lost to alien infestations.", "release_date": "2019-01-04"}	2025-05-09 16:52:40.290614+02	postgres
342	videogames_register_videogame	INSERT	{"id": 112, "title": "Quantum Rift", "genre_id": 54, "description": "Rebuild civilization after a massive solar storm.", "release_date": "2021-06-08"}	2025-05-09 16:52:40.292417+02	postgres
343	videogames_register_videogame	INSERT	{"id": 113, "title": "Blood Circuit", "genre_id": 57, "description": "Explore underwater cities and defend against sea monsters.", "release_date": "2019-07-08"}	2025-05-09 16:52:40.294044+02	postgres
344	videogames_register_videogame	INSERT	{"id": 114, "title": "Ashen Crown", "genre_id": 52, "description": "Join secret guilds and shape the fate of nations.", "release_date": "2018-04-28"}	2025-05-09 16:52:40.295435+02	postgres
345	auth_user	INSERT	{"id": 28, "email": "brandonnichols@example.com", "is_staff": false, "password": "pbkdf2_sha256$870000$efBVm2DMQ1az7HtEFWTlg7$XU6JzEApFJ6KUS8PT2cTwt3H3kV/48MC3bQQR9OgSIQ=", "username": "carrmelissa", "is_active": true, "last_name": "", "first_name": "", "last_login": null, "date_joined": "2025-05-09T14:52:40.297337+00:00", "is_superuser": false}	2025-05-09 16:52:41.274897+02	postgres
346	auth_user	INSERT	{"id": 29, "email": "allennancy@example.net", "is_staff": false, "password": "pbkdf2_sha256$870000$M3qbwXz7KwAaYpNnnD9ZoN$RWJXJqCv79m5KA3QUGZUxgYl/Uu/8nYZbVIJcQPS0LU=", "username": "wellskrystal", "is_active": true, "last_name": "", "first_name": "", "last_login": null, "date_joined": "2025-05-09T14:52:41.292265+00:00", "is_superuser": false}	2025-05-09 16:52:42.183029+02	postgres
347	auth_user	INSERT	{"id": 30, "email": "millerkathryn@example.org", "is_staff": false, "password": "pbkdf2_sha256$870000$ANo7jpqi0jqsskzQ22IErl$5lzdhiKAszZB+nG+CjEIEpbmWi2AwWLhL3sjHnyf9UQ=", "username": "sabrinarobertson", "is_active": true, "last_name": "", "first_name": "", "last_login": null, "date_joined": "2025-05-09T14:52:42.186229+00:00", "is_superuser": false}	2025-05-09 16:52:43.055834+02	postgres
348	auth_user	INSERT	{"id": 31, "email": "john89@example.com", "is_staff": false, "password": "pbkdf2_sha256$870000$8B830tnwB8UZUOanvKVLyR$/S+LTyjLANUU0+FjPCAFqHrPaCj5EBtcTsDxrFVHrtg=", "username": "bryanmartin", "is_active": true, "last_name": "", "first_name": "", "last_login": null, "date_joined": "2025-05-09T14:52:43.05902+00:00", "is_superuser": false}	2025-05-09 16:52:43.942217+02	postgres
349	auth_user	INSERT	{"id": 32, "email": "kristamathis@example.net", "is_staff": false, "password": "pbkdf2_sha256$870000$PbfsjkjuriPpyJnLrHXXdE$8SQB4D669CxTPlgjKCZSd43ne95lKVzB/jc8xDpAf78=", "username": "phaynes", "is_active": true, "last_name": "", "first_name": "", "last_login": null, "date_joined": "2025-05-09T14:52:43.943267+00:00", "is_superuser": false}	2025-05-09 16:52:44.817014+02	postgres
350	videogames_register_videogame	INSERT	{"id": 115, "title": "Shadowblade", "genre_id": 51, "description": "A fast-paced action game set in a dystopian future.", "release_date": "2015-11-12"}	2025-05-09 16:52:44.834493+02	postgres
351	videogames_register_videogame	INSERT	{"id": 116, "title": "Galactic Titans", "genre_id": 52, "description": "Explore ancient ruins and uncover hidden secrets.", "release_date": "2016-04-05"}	2025-05-09 16:52:44.836182+02	postgres
352	videogames_register_videogame	INSERT	{"id": 117, "title": "Mystic Quest", "genre_id": 56, "description": "Command your troops in a real-time strategy battlefield.", "release_date": "2021-11-12"}	2025-05-09 16:52:44.837731+02	postgres
353	videogames_register_videogame	INSERT	{"id": 118, "title": "Steel Reign", "genre_id": 55, "description": "Join the rebellion against the galactic empire.", "release_date": "2022-12-30"}	2025-05-09 16:52:44.839074+02	postgres
354	videogames_register_videogame	INSERT	{"id": 119, "title": "Cyber Drift", "genre_id": 56, "description": "A fantasy RPG with immersive storytelling and rich lore.", "release_date": "2020-05-12"}	2025-05-09 16:52:44.84055+02	postgres
355	videogames_register_videogame	INSERT	{"id": 120, "title": "Knightfall Chronicles", "genre_id": 53, "description": "Drive high-tech vehicles in a neon cyberpunk city.", "release_date": "2019-05-24"}	2025-05-09 16:52:44.841786+02	postgres
356	videogames_register_videogame	INSERT	{"id": 121, "title": "Inferno Squad", "genre_id": 53, "description": "Survive endless waves of enemies in post-apocalyptic arenas.", "release_date": "2022-06-16"}	2025-05-09 16:52:44.843296+02	postgres
357	videogames_register_videogame	INSERT	{"id": 122, "title": "Frostbound", "genre_id": 54, "description": "Build and manage your own medieval kingdom.", "release_date": "2024-02-29"}	2025-05-09 16:52:44.84453+02	postgres
358	videogames_register_videogame	INSERT	{"id": 123, "title": "Echoes of Oblivion", "genre_id": 56, "description": "Compete in futuristic sports tournaments with deadly consequences.", "release_date": "2017-04-29"}	2025-05-09 16:52:44.846019+02	postgres
359	videogames_register_videogame	INSERT	{"id": 124, "title": "Nova Arena", "genre_id": 57, "description": "Navigate political intrigue and betrayal in a space federation.", "release_date": "2024-06-09"}	2025-05-09 16:52:44.847337+02	postgres
360	videogames_register_videogame	INSERT	{"id": 125, "title": "Crystal Rift", "genre_id": 56, "description": "Hack into networks while avoiding elite AI defenders.", "release_date": "2016-10-04"}	2025-05-09 16:52:44.848826+02	postgres
361	videogames_register_videogame	INSERT	{"id": 126, "title": "Phantom Protocol", "genre_id": 57, "description": "Fly elite starfighters in tactical interstellar battles.", "release_date": "2020-10-03"}	2025-05-09 16:52:44.85003+02	postgres
362	videogames_register_videogame	INSERT	{"id": 127, "title": "Neon Shards", "genre_id": 51, "description": "Uncover the mystery behind vanishing cities.", "release_date": "2020-08-01"}	2025-05-09 16:52:44.851193+02	postgres
363	videogames_register_videogame	INSERT	{"id": 128, "title": "Eternal Siege", "genre_id": 53, "description": "Combine magic and technology to restore a broken world.", "release_date": "2019-05-09"}	2025-05-09 16:52:44.852328+02	postgres
364	videogames_register_videogame	INSERT	{"id": 129, "title": "Dark Horizon", "genre_id": 51, "description": "Control mythical creatures in turn-based combat.", "release_date": "2017-12-14"}	2025-05-09 16:52:44.853433+02	postgres
365	videogames_register_videogame	INSERT	{"id": 130, "title": "Turbo Strikers", "genre_id": 57, "description": "Battle rogue AIs in a derelict digital wasteland.", "release_date": "2024-11-29"}	2025-05-09 16:52:44.854857+02	postgres
366	videogames_register_videogame	INSERT	{"id": 131, "title": "Skyfall Bastion", "genre_id": 53, "description": "Rescue colonies lost to alien infestations.", "release_date": "2023-07-30"}	2025-05-09 16:52:44.856359+02	postgres
367	videogames_register_videogame	INSERT	{"id": 132, "title": "Quantum Rift", "genre_id": 51, "description": "Rebuild civilization after a massive solar storm.", "release_date": "2016-02-05"}	2025-05-09 16:52:44.857871+02	postgres
368	videogames_register_videogame	INSERT	{"id": 133, "title": "Blood Circuit", "genre_id": 55, "description": "Explore underwater cities and defend against sea monsters.", "release_date": "2018-04-07"}	2025-05-09 16:52:44.85936+02	postgres
369	videogames_register_videogame	INSERT	{"id": 134, "title": "Ashen Crown", "genre_id": 51, "description": "Join secret guilds and shape the fate of nations.", "release_date": "2025-01-30"}	2025-05-09 16:52:44.860852+02	postgres
370	videogames_register_videogame	DELETE	{"id": 95, "title": "Shadowblade", "genre_id": 55, "description": "A fast-paced action game set in a dystopian future.", "release_date": "2018-04-15"}	2025-05-09 17:00:44.169622+02	postgres
371	videogames_register_videogame	DELETE	{"id": 96, "title": "Galactic Titans", "genre_id": 55, "description": "Explore ancient ruins and uncover hidden secrets.", "release_date": "2015-12-19"}	2025-05-09 17:00:44.169622+02	postgres
372	videogames_register_videogame	DELETE	{"id": 97, "title": "Mystic Quest", "genre_id": 52, "description": "Command your troops in a real-time strategy battlefield.", "release_date": "2015-09-28"}	2025-05-09 17:00:44.169622+02	postgres
373	videogames_register_videogame	DELETE	{"id": 98, "title": "Steel Reign", "genre_id": 52, "description": "Join the rebellion against the galactic empire.", "release_date": "2022-05-14"}	2025-05-09 17:00:44.169622+02	postgres
374	videogames_register_videogame	DELETE	{"id": 99, "title": "Cyber Drift", "genre_id": 52, "description": "A fantasy RPG with immersive storytelling and rich lore.", "release_date": "2016-12-07"}	2025-05-09 17:00:44.169622+02	postgres
375	videogames_register_videogame	DELETE	{"id": 100, "title": "Knightfall Chronicles", "genre_id": 51, "description": "Drive high-tech vehicles in a neon cyberpunk city.", "release_date": "2015-06-19"}	2025-05-09 17:00:44.169622+02	postgres
376	videogames_register_videogame	DELETE	{"id": 101, "title": "Inferno Squad", "genre_id": 52, "description": "Survive endless waves of enemies in post-apocalyptic arenas.", "release_date": "2018-07-22"}	2025-05-09 17:00:44.169622+02	postgres
377	videogames_register_videogame	DELETE	{"id": 102, "title": "Frostbound", "genre_id": 56, "description": "Build and manage your own medieval kingdom.", "release_date": "2017-12-31"}	2025-05-09 17:00:44.169622+02	postgres
378	videogames_register_videogame	DELETE	{"id": 103, "title": "Echoes of Oblivion", "genre_id": 52, "description": "Compete in futuristic sports tournaments with deadly consequences.", "release_date": "2017-08-15"}	2025-05-09 17:00:44.169622+02	postgres
379	videogames_register_videogame	DELETE	{"id": 104, "title": "Nova Arena", "genre_id": 56, "description": "Navigate political intrigue and betrayal in a space federation.", "release_date": "2023-03-11"}	2025-05-09 17:00:44.169622+02	postgres
380	videogames_register_videogame	DELETE	{"id": 105, "title": "Crystal Rift", "genre_id": 55, "description": "Hack into networks while avoiding elite AI defenders.", "release_date": "2015-08-20"}	2025-05-09 17:00:44.169622+02	postgres
381	videogames_register_videogame	DELETE	{"id": 106, "title": "Phantom Protocol", "genre_id": 51, "description": "Fly elite starfighters in tactical interstellar battles.", "release_date": "2016-06-26"}	2025-05-09 17:00:44.169622+02	postgres
382	videogames_register_videogame	DELETE	{"id": 107, "title": "Neon Shards", "genre_id": 57, "description": "Uncover the mystery behind vanishing cities.", "release_date": "2021-10-08"}	2025-05-09 17:00:44.169622+02	postgres
383	videogames_register_videogame	DELETE	{"id": 108, "title": "Eternal Siege", "genre_id": 55, "description": "Combine magic and technology to restore a broken world.", "release_date": "2019-04-11"}	2025-05-09 17:00:44.169622+02	postgres
384	videogames_register_videogame	DELETE	{"id": 109, "title": "Dark Horizon", "genre_id": 54, "description": "Control mythical creatures in turn-based combat.", "release_date": "2022-07-26"}	2025-05-09 17:00:44.169622+02	postgres
385	videogames_register_videogame	DELETE	{"id": 110, "title": "Turbo Strikers", "genre_id": 57, "description": "Battle rogue AIs in a derelict digital wasteland.", "release_date": "2025-03-20"}	2025-05-09 17:00:44.169622+02	postgres
386	videogames_register_videogame	DELETE	{"id": 111, "title": "Skyfall Bastion", "genre_id": 54, "description": "Rescue colonies lost to alien infestations.", "release_date": "2019-01-04"}	2025-05-09 17:00:44.169622+02	postgres
387	videogames_register_videogame	DELETE	{"id": 112, "title": "Quantum Rift", "genre_id": 54, "description": "Rebuild civilization after a massive solar storm.", "release_date": "2021-06-08"}	2025-05-09 17:00:44.169622+02	postgres
388	videogames_register_videogame	DELETE	{"id": 113, "title": "Blood Circuit", "genre_id": 57, "description": "Explore underwater cities and defend against sea monsters.", "release_date": "2019-07-08"}	2025-05-09 17:00:44.169622+02	postgres
389	videogames_register_videogame	DELETE	{"id": 114, "title": "Ashen Crown", "genre_id": 52, "description": "Join secret guilds and shape the fate of nations.", "release_date": "2018-04-28"}	2025-05-09 17:00:44.169622+02	postgres
390	videogames_register_videogame	DELETE	{"id": 115, "title": "Shadowblade", "genre_id": 51, "description": "A fast-paced action game set in a dystopian future.", "release_date": "2015-11-12"}	2025-05-09 17:00:44.169622+02	postgres
391	videogames_register_videogame	DELETE	{"id": 116, "title": "Galactic Titans", "genre_id": 52, "description": "Explore ancient ruins and uncover hidden secrets.", "release_date": "2016-04-05"}	2025-05-09 17:00:44.169622+02	postgres
392	videogames_register_videogame	DELETE	{"id": 117, "title": "Mystic Quest", "genre_id": 56, "description": "Command your troops in a real-time strategy battlefield.", "release_date": "2021-11-12"}	2025-05-09 17:00:44.169622+02	postgres
393	videogames_register_videogame	DELETE	{"id": 118, "title": "Steel Reign", "genre_id": 55, "description": "Join the rebellion against the galactic empire.", "release_date": "2022-12-30"}	2025-05-09 17:00:44.169622+02	postgres
394	videogames_register_videogame	DELETE	{"id": 119, "title": "Cyber Drift", "genre_id": 56, "description": "A fantasy RPG with immersive storytelling and rich lore.", "release_date": "2020-05-12"}	2025-05-09 17:00:44.169622+02	postgres
395	videogames_register_videogame	DELETE	{"id": 120, "title": "Knightfall Chronicles", "genre_id": 53, "description": "Drive high-tech vehicles in a neon cyberpunk city.", "release_date": "2019-05-24"}	2025-05-09 17:00:44.169622+02	postgres
396	videogames_register_videogame	DELETE	{"id": 121, "title": "Inferno Squad", "genre_id": 53, "description": "Survive endless waves of enemies in post-apocalyptic arenas.", "release_date": "2022-06-16"}	2025-05-09 17:00:44.169622+02	postgres
397	videogames_register_videogame	DELETE	{"id": 122, "title": "Frostbound", "genre_id": 54, "description": "Build and manage your own medieval kingdom.", "release_date": "2024-02-29"}	2025-05-09 17:00:44.169622+02	postgres
398	videogames_register_videogame	DELETE	{"id": 123, "title": "Echoes of Oblivion", "genre_id": 56, "description": "Compete in futuristic sports tournaments with deadly consequences.", "release_date": "2017-04-29"}	2025-05-09 17:00:44.169622+02	postgres
399	videogames_register_videogame	DELETE	{"id": 124, "title": "Nova Arena", "genre_id": 57, "description": "Navigate political intrigue and betrayal in a space federation.", "release_date": "2024-06-09"}	2025-05-09 17:00:44.169622+02	postgres
400	videogames_register_videogame	DELETE	{"id": 125, "title": "Crystal Rift", "genre_id": 56, "description": "Hack into networks while avoiding elite AI defenders.", "release_date": "2016-10-04"}	2025-05-09 17:00:44.169622+02	postgres
401	videogames_register_videogame	DELETE	{"id": 126, "title": "Phantom Protocol", "genre_id": 57, "description": "Fly elite starfighters in tactical interstellar battles.", "release_date": "2020-10-03"}	2025-05-09 17:00:44.169622+02	postgres
402	videogames_register_videogame	DELETE	{"id": 127, "title": "Neon Shards", "genre_id": 51, "description": "Uncover the mystery behind vanishing cities.", "release_date": "2020-08-01"}	2025-05-09 17:00:44.169622+02	postgres
403	videogames_register_videogame	DELETE	{"id": 128, "title": "Eternal Siege", "genre_id": 53, "description": "Combine magic and technology to restore a broken world.", "release_date": "2019-05-09"}	2025-05-09 17:00:44.169622+02	postgres
404	videogames_register_videogame	DELETE	{"id": 129, "title": "Dark Horizon", "genre_id": 51, "description": "Control mythical creatures in turn-based combat.", "release_date": "2017-12-14"}	2025-05-09 17:00:44.169622+02	postgres
405	videogames_register_videogame	DELETE	{"id": 130, "title": "Turbo Strikers", "genre_id": 57, "description": "Battle rogue AIs in a derelict digital wasteland.", "release_date": "2024-11-29"}	2025-05-09 17:00:44.169622+02	postgres
406	videogames_register_videogame	DELETE	{"id": 131, "title": "Skyfall Bastion", "genre_id": 53, "description": "Rescue colonies lost to alien infestations.", "release_date": "2023-07-30"}	2025-05-09 17:00:44.169622+02	postgres
407	videogames_register_videogame	DELETE	{"id": 132, "title": "Quantum Rift", "genre_id": 51, "description": "Rebuild civilization after a massive solar storm.", "release_date": "2016-02-05"}	2025-05-09 17:00:44.169622+02	postgres
408	videogames_register_videogame	DELETE	{"id": 133, "title": "Blood Circuit", "genre_id": 55, "description": "Explore underwater cities and defend against sea monsters.", "release_date": "2018-04-07"}	2025-05-09 17:00:44.169622+02	postgres
409	videogames_register_videogame	DELETE	{"id": 134, "title": "Ashen Crown", "genre_id": 51, "description": "Join secret guilds and shape the fate of nations.", "release_date": "2025-01-30"}	2025-05-09 17:00:44.169622+02	postgres
410	auth_user	DELETE	{"id": 28, "email": "brandonnichols@example.com", "is_staff": false, "password": "pbkdf2_sha256$870000$efBVm2DMQ1az7HtEFWTlg7$XU6JzEApFJ6KUS8PT2cTwt3H3kV/48MC3bQQR9OgSIQ=", "username": "carrmelissa", "is_active": true, "last_name": "", "first_name": "", "last_login": null, "date_joined": "2025-05-09T14:52:40.297337+00:00", "is_superuser": false}	2025-05-09 17:00:44.23665+02	postgres
411	auth_user	DELETE	{"id": 29, "email": "allennancy@example.net", "is_staff": false, "password": "pbkdf2_sha256$870000$M3qbwXz7KwAaYpNnnD9ZoN$RWJXJqCv79m5KA3QUGZUxgYl/Uu/8nYZbVIJcQPS0LU=", "username": "wellskrystal", "is_active": true, "last_name": "", "first_name": "", "last_login": null, "date_joined": "2025-05-09T14:52:41.292265+00:00", "is_superuser": false}	2025-05-09 17:00:44.23665+02	postgres
412	auth_user	DELETE	{"id": 30, "email": "millerkathryn@example.org", "is_staff": false, "password": "pbkdf2_sha256$870000$ANo7jpqi0jqsskzQ22IErl$5lzdhiKAszZB+nG+CjEIEpbmWi2AwWLhL3sjHnyf9UQ=", "username": "sabrinarobertson", "is_active": true, "last_name": "", "first_name": "", "last_login": null, "date_joined": "2025-05-09T14:52:42.186229+00:00", "is_superuser": false}	2025-05-09 17:00:44.23665+02	postgres
413	auth_user	DELETE	{"id": 31, "email": "john89@example.com", "is_staff": false, "password": "pbkdf2_sha256$870000$8B830tnwB8UZUOanvKVLyR$/S+LTyjLANUU0+FjPCAFqHrPaCj5EBtcTsDxrFVHrtg=", "username": "bryanmartin", "is_active": true, "last_name": "", "first_name": "", "last_login": null, "date_joined": "2025-05-09T14:52:43.05902+00:00", "is_superuser": false}	2025-05-09 17:00:44.23665+02	postgres
414	auth_user	DELETE	{"id": 32, "email": "kristamathis@example.net", "is_staff": false, "password": "pbkdf2_sha256$870000$PbfsjkjuriPpyJnLrHXXdE$8SQB4D669CxTPlgjKCZSd43ne95lKVzB/jc8xDpAf78=", "username": "phaynes", "is_active": true, "last_name": "", "first_name": "", "last_login": null, "date_joined": "2025-05-09T14:52:43.943267+00:00", "is_superuser": false}	2025-05-09 17:00:44.23665+02	postgres
415	videogames_register_genre	DELETE	{"id": 51, "title": "Action"}	2025-05-09 17:00:44.266604+02	postgres
416	videogames_register_genre	DELETE	{"id": 52, "title": "Adventure"}	2025-05-09 17:00:44.266604+02	postgres
417	videogames_register_genre	DELETE	{"id": 53, "title": "RPG"}	2025-05-09 17:00:44.266604+02	postgres
418	videogames_register_genre	DELETE	{"id": 54, "title": "Shooter"}	2025-05-09 17:00:44.266604+02	postgres
419	videogames_register_genre	DELETE	{"id": 55, "title": "Puzzle"}	2025-05-09 17:00:44.266604+02	postgres
420	videogames_register_genre	DELETE	{"id": 56, "title": "Strategy"}	2025-05-09 17:00:44.266604+02	postgres
421	videogames_register_genre	DELETE	{"id": 57, "title": "Sports"}	2025-05-09 17:00:44.266604+02	postgres
422	videogames_register_genre	INSERT	{"id": 58, "title": "Action"}	2025-05-09 17:00:44.273572+02	postgres
423	videogames_register_genre	INSERT	{"id": 59, "title": "Adventure"}	2025-05-09 17:00:44.278236+02	postgres
424	videogames_register_genre	INSERT	{"id": 60, "title": "RPG"}	2025-05-09 17:00:44.281068+02	postgres
425	videogames_register_genre	INSERT	{"id": 61, "title": "Shooter"}	2025-05-09 17:00:44.28366+02	postgres
426	videogames_register_genre	INSERT	{"id": 62, "title": "Puzzle"}	2025-05-09 17:00:44.286259+02	postgres
427	videogames_register_genre	INSERT	{"id": 63, "title": "Strategy"}	2025-05-09 17:00:44.288896+02	postgres
428	videogames_register_genre	INSERT	{"id": 64, "title": "Sports"}	2025-05-09 17:00:44.291608+02	postgres
429	videogames_register_videogame	INSERT	{"id": 135, "title": "Shadowblade", "genre_id": 61, "description": "A fast-paced action game set in a dystopian future.", "release_date": "2016-02-07"}	2025-05-09 17:00:44.304477+02	postgres
430	videogames_register_videogame	INSERT	{"id": 136, "title": "Galactic Titans", "genre_id": 61, "description": "Explore ancient ruins and uncover hidden secrets.", "release_date": "2018-12-15"}	2025-05-09 17:00:44.323688+02	postgres
431	videogames_register_videogame	INSERT	{"id": 137, "title": "Mystic Quest", "genre_id": 58, "description": "Command your troops in a real-time strategy battlefield.", "release_date": "2024-03-02"}	2025-05-09 17:00:44.32567+02	postgres
432	videogames_register_videogame	INSERT	{"id": 138, "title": "Steel Reign", "genre_id": 63, "description": "Join the rebellion against the galactic empire.", "release_date": "2017-02-10"}	2025-05-09 17:00:44.327331+02	postgres
433	videogames_register_videogame	INSERT	{"id": 139, "title": "Cyber Drift", "genre_id": 64, "description": "A fantasy RPG with immersive storytelling and rich lore.", "release_date": "2025-01-25"}	2025-05-09 17:00:44.328851+02	postgres
434	videogames_register_videogame	INSERT	{"id": 140, "title": "Knightfall Chronicles", "genre_id": 59, "description": "Drive high-tech vehicles in a neon cyberpunk city.", "release_date": "2025-01-23"}	2025-05-09 17:00:44.330451+02	postgres
435	videogames_register_videogame	INSERT	{"id": 141, "title": "Inferno Squad", "genre_id": 58, "description": "Survive endless waves of enemies in post-apocalyptic arenas.", "release_date": "2019-04-17"}	2025-05-09 17:00:44.332014+02	postgres
436	videogames_register_videogame	INSERT	{"id": 142, "title": "Frostbound", "genre_id": 58, "description": "Build and manage your own medieval kingdom.", "release_date": "2017-09-15"}	2025-05-09 17:00:44.333435+02	postgres
437	videogames_register_videogame	INSERT	{"id": 143, "title": "Echoes of Oblivion", "genre_id": 64, "description": "Compete in futuristic sports tournaments with deadly consequences.", "release_date": "2023-09-10"}	2025-05-09 17:00:44.334834+02	postgres
438	videogames_register_videogame	INSERT	{"id": 144, "title": "Nova Arena", "genre_id": 63, "description": "Navigate political intrigue and betrayal in a space federation.", "release_date": "2021-07-15"}	2025-05-09 17:00:44.336195+02	postgres
439	videogames_register_videogame	INSERT	{"id": 145, "title": "Crystal Rift", "genre_id": 59, "description": "Hack into networks while avoiding elite AI defenders.", "release_date": "2020-01-05"}	2025-05-09 17:00:44.337586+02	postgres
440	videogames_register_videogame	INSERT	{"id": 146, "title": "Phantom Protocol", "genre_id": 58, "description": "Fly elite starfighters in tactical interstellar battles.", "release_date": "2022-06-06"}	2025-05-09 17:00:44.339091+02	postgres
441	videogames_register_videogame	INSERT	{"id": 147, "title": "Neon Shards", "genre_id": 59, "description": "Uncover the mystery behind vanishing cities.", "release_date": "2015-12-17"}	2025-05-09 17:00:44.340453+02	postgres
442	videogames_register_videogame	INSERT	{"id": 148, "title": "Eternal Siege", "genre_id": 60, "description": "Combine magic and technology to restore a broken world.", "release_date": "2019-02-27"}	2025-05-09 17:00:44.341908+02	postgres
443	videogames_register_videogame	INSERT	{"id": 149, "title": "Dark Horizon", "genre_id": 63, "description": "Control mythical creatures in turn-based combat.", "release_date": "2018-10-31"}	2025-05-09 17:00:44.34324+02	postgres
444	videogames_register_videogame	INSERT	{"id": 150, "title": "Turbo Strikers", "genre_id": 59, "description": "Battle rogue AIs in a derelict digital wasteland.", "release_date": "2022-05-11"}	2025-05-09 17:00:44.344546+02	postgres
445	videogames_register_videogame	INSERT	{"id": 151, "title": "Skyfall Bastion", "genre_id": 58, "description": "Rescue colonies lost to alien infestations.", "release_date": "2019-11-03"}	2025-05-09 17:00:44.346161+02	postgres
446	videogames_register_videogame	INSERT	{"id": 152, "title": "Quantum Rift", "genre_id": 60, "description": "Rebuild civilization after a massive solar storm.", "release_date": "2025-02-13"}	2025-05-09 17:00:44.347772+02	postgres
447	videogames_register_videogame	INSERT	{"id": 153, "title": "Blood Circuit", "genre_id": 64, "description": "Explore underwater cities and defend against sea monsters.", "release_date": "2018-04-12"}	2025-05-09 17:00:44.349258+02	postgres
448	videogames_register_videogame	INSERT	{"id": 154, "title": "Ashen Crown", "genre_id": 63, "description": "Join secret guilds and shape the fate of nations.", "release_date": "2024-01-04"}	2025-05-09 17:00:44.350656+02	postgres
449	auth_user	INSERT	{"id": 33, "email": "michaelkline@example.org", "is_staff": false, "password": "pbkdf2_sha256$870000$fROs8lp5V24c23Oq4te5Vp$fuNerEn98rC4rMBK92Mf8LQDSKjlcZZ15ahQhw0ICSE=", "username": "elizabeth53", "is_active": true, "last_name": "", "first_name": "", "last_login": null, "date_joined": "2025-05-09T15:00:44.351662+00:00", "is_superuser": false}	2025-05-09 17:00:45.271926+02	postgres
450	auth_user	INSERT	{"id": 34, "email": "austin67@example.net", "is_staff": false, "password": "pbkdf2_sha256$870000$4J44zANkcvtetwBzhfo4Gz$OaBESsQWFTKfjQwiM24ecSFFNmZsqWI/z7ef+ZL8O5A=", "username": "mark54", "is_active": true, "last_name": "", "first_name": "", "last_login": null, "date_joined": "2025-05-09T15:00:45.288296+00:00", "is_superuser": false}	2025-05-09 17:00:46.206907+02	postgres
451	auth_user	INSERT	{"id": 35, "email": "samuel39@example.com", "is_staff": false, "password": "pbkdf2_sha256$870000$c2SWQwSVAqqnEU0mfjvNig$rAaHLU+NgGfVA7j5QaEkwAtcAkjUUs/D2QiTc9ZdGso=", "username": "victoriagonzalez", "is_active": true, "last_name": "", "first_name": "", "last_login": null, "date_joined": "2025-05-09T15:00:46.223645+00:00", "is_superuser": false}	2025-05-09 17:00:47.12421+02	postgres
452	auth_user	INSERT	{"id": 36, "email": "pateljodi@example.net", "is_staff": false, "password": "pbkdf2_sha256$870000$mT4VrqTOv2HJKsUblkNxIe$4caBBtFTOMCXO3oqEVfEdT//VrYKETJAzeZNH3q7+eM=", "username": "danielcarolyn", "is_active": true, "last_name": "", "first_name": "", "last_login": null, "date_joined": "2025-05-09T15:00:47.127222+00:00", "is_superuser": false}	2025-05-09 17:00:48.018288+02	postgres
453	auth_user	INSERT	{"id": 37, "email": "farrelldenise@example.net", "is_staff": false, "password": "pbkdf2_sha256$870000$2sZvqSYYwudlszbX1XmnIN$Sd8rot4p87l/8Gs5k6dJByVOYxepgiyyPpKdrAF/4y4=", "username": "jsalazar", "is_active": true, "last_name": "", "first_name": "", "last_login": null, "date_joined": "2025-05-09T15:00:48.022426+00:00", "is_superuser": false}	2025-05-09 17:00:48.914933+02	postgres
454	videogames_register_videogame	INSERT	{"id": 155, "title": "Shadowblade", "genre_id": 62, "description": "A fast-paced action game set in a dystopian future.", "release_date": "2016-06-01"}	2025-05-09 17:00:48.932435+02	postgres
455	videogames_register_videogame	INSERT	{"id": 156, "title": "Galactic Titans", "genre_id": 61, "description": "Explore ancient ruins and uncover hidden secrets.", "release_date": "2020-07-23"}	2025-05-09 17:00:48.934219+02	postgres
456	videogames_register_videogame	INSERT	{"id": 157, "title": "Mystic Quest", "genre_id": 59, "description": "Command your troops in a real-time strategy battlefield.", "release_date": "2019-11-04"}	2025-05-09 17:00:48.935662+02	postgres
457	videogames_register_videogame	INSERT	{"id": 158, "title": "Steel Reign", "genre_id": 63, "description": "Join the rebellion against the galactic empire.", "release_date": "2015-07-31"}	2025-05-09 17:00:48.938766+02	postgres
458	videogames_register_videogame	INSERT	{"id": 159, "title": "Cyber Drift", "genre_id": 62, "description": "A fantasy RPG with immersive storytelling and rich lore.", "release_date": "2019-01-19"}	2025-05-09 17:00:48.940252+02	postgres
459	videogames_register_videogame	INSERT	{"id": 160, "title": "Knightfall Chronicles", "genre_id": 61, "description": "Drive high-tech vehicles in a neon cyberpunk city.", "release_date": "2023-07-17"}	2025-05-09 17:00:48.941868+02	postgres
460	videogames_register_videogame	INSERT	{"id": 161, "title": "Inferno Squad", "genre_id": 60, "description": "Survive endless waves of enemies in post-apocalyptic arenas.", "release_date": "2018-07-16"}	2025-05-09 17:00:48.943395+02	postgres
461	videogames_register_videogame	INSERT	{"id": 162, "title": "Frostbound", "genre_id": 64, "description": "Build and manage your own medieval kingdom.", "release_date": "2022-02-21"}	2025-05-09 17:00:48.944952+02	postgres
462	videogames_register_videogame	INSERT	{"id": 163, "title": "Echoes of Oblivion", "genre_id": 59, "description": "Compete in futuristic sports tournaments with deadly consequences.", "release_date": "2022-01-08"}	2025-05-09 17:00:48.947008+02	postgres
463	videogames_register_videogame	INSERT	{"id": 164, "title": "Nova Arena", "genre_id": 64, "description": "Navigate political intrigue and betrayal in a space federation.", "release_date": "2017-11-11"}	2025-05-09 17:00:48.948497+02	postgres
464	videogames_register_videogame	INSERT	{"id": 165, "title": "Crystal Rift", "genre_id": 58, "description": "Hack into networks while avoiding elite AI defenders.", "release_date": "2022-04-05"}	2025-05-09 17:00:48.950039+02	postgres
465	videogames_register_videogame	INSERT	{"id": 166, "title": "Phantom Protocol", "genre_id": 62, "description": "Fly elite starfighters in tactical interstellar battles.", "release_date": "2016-07-17"}	2025-05-09 17:00:48.951538+02	postgres
466	videogames_register_videogame	INSERT	{"id": 167, "title": "Neon Shards", "genre_id": 60, "description": "Uncover the mystery behind vanishing cities.", "release_date": "2024-03-04"}	2025-05-09 17:00:48.952887+02	postgres
467	videogames_register_videogame	INSERT	{"id": 168, "title": "Eternal Siege", "genre_id": 61, "description": "Combine magic and technology to restore a broken world.", "release_date": "2017-10-12"}	2025-05-09 17:00:48.95425+02	postgres
468	videogames_register_videogame	INSERT	{"id": 169, "title": "Dark Horizon", "genre_id": 61, "description": "Control mythical creatures in turn-based combat.", "release_date": "2015-07-05"}	2025-05-09 17:00:48.955779+02	postgres
469	videogames_register_videogame	INSERT	{"id": 170, "title": "Turbo Strikers", "genre_id": 63, "description": "Battle rogue AIs in a derelict digital wasteland.", "release_date": "2016-05-21"}	2025-05-09 17:00:48.957245+02	postgres
470	videogames_register_videogame	INSERT	{"id": 171, "title": "Skyfall Bastion", "genre_id": 64, "description": "Rescue colonies lost to alien infestations.", "release_date": "2021-03-26"}	2025-05-09 17:00:48.958626+02	postgres
471	videogames_register_videogame	INSERT	{"id": 172, "title": "Quantum Rift", "genre_id": 61, "description": "Rebuild civilization after a massive solar storm.", "release_date": "2019-08-31"}	2025-05-09 17:00:48.960125+02	postgres
472	videogames_register_videogame	INSERT	{"id": 173, "title": "Blood Circuit", "genre_id": 64, "description": "Explore underwater cities and defend against sea monsters.", "release_date": "2016-07-30"}	2025-05-09 17:00:48.961482+02	postgres
473	videogames_register_videogame	INSERT	{"id": 174, "title": "Ashen Crown", "genre_id": 59, "description": "Join secret guilds and shape the fate of nations.", "release_date": "2019-05-17"}	2025-05-09 17:00:48.962996+02	postgres
474	videogames_register_videogame	UPDATE	{"id": 135, "title": "Shadowblade1", "genre_id": 61, "description": "A fast-paced action game set in a dystopian future.", "release_date": "2016-02-07"}	2025-05-10 13:02:51.955002+02	game_writer
475	videogames_register_videogame	UPDATE	{"id": 135, "title": "Shadowblade2", "genre_id": 61, "description": "A fast-paced action game set in a dystopian future.", "release_date": "2016-02-07"}	2025-05-10 13:03:10.98138+02	game_writer
476	videogames_register_videogame	INSERT	{"id": 175, "title": "Gsdf", "genre_id": 64, "description": "asdf", "release_date": "2024-02-02"}	2025-05-10 21:46:00.156963+02	postgres
477	videogames_register_videogame	INSERT	{"id": 176, "title": "asdf", "genre_id": 64, "description": "asdf", "release_date": "2020-03-09"}	2025-05-10 21:47:37.634671+02	game_writer
\.


--
-- TOC entry 5035 (class 0 OID 24944)
-- Dependencies: 226
-- Data for Name: auth_group; Type: TABLE DATA; Schema: public; Owner: -
--

COPY public.auth_group (id, name) FROM stdin;
2	Managers
1	Staff_member
3	Marco
\.


--
-- TOC entry 5037 (class 0 OID 24952)
-- Dependencies: 228
-- Data for Name: auth_group_permissions; Type: TABLE DATA; Schema: public; Owner: -
--

COPY public.auth_group_permissions (id, group_id, permission_id) FROM stdin;
1	1	33
2	1	28
4	2	33
5	2	34
6	2	35
7	2	36
8	2	28
9	3	33
10	3	34
11	3	35
12	3	36
13	3	25
14	3	26
15	3	27
16	3	28
17	1	36
18	3	1
19	3	2
20	3	3
21	3	4
22	3	5
23	3	6
24	3	7
25	3	8
26	3	9
27	3	10
28	3	11
29	3	12
30	3	13
31	3	14
32	3	15
33	3	16
34	3	17
35	3	18
36	3	19
37	3	20
38	3	21
39	3	22
40	3	23
41	3	24
42	3	29
43	3	30
44	3	31
45	3	32
\.


--
-- TOC entry 5033 (class 0 OID 24938)
-- Dependencies: 224
-- Data for Name: auth_permission; Type: TABLE DATA; Schema: public; Owner: -
--

COPY public.auth_permission (id, name, content_type_id, codename) FROM stdin;
1	Can add log entry	1	add_logentry
2	Can change log entry	1	change_logentry
3	Can delete log entry	1	delete_logentry
4	Can view log entry	1	view_logentry
5	Can add permission	2	add_permission
6	Can change permission	2	change_permission
7	Can delete permission	2	delete_permission
8	Can view permission	2	view_permission
9	Can add group	3	add_group
10	Can change group	3	change_group
11	Can delete group	3	delete_group
12	Can view group	3	view_group
13	Can add user	4	add_user
14	Can change user	4	change_user
15	Can delete user	4	delete_user
16	Can view user	4	view_user
17	Can add content type	5	add_contenttype
18	Can change content type	5	change_contenttype
19	Can delete content type	5	delete_contenttype
20	Can view content type	5	view_contenttype
21	Can add session	6	add_session
22	Can change session	6	change_session
23	Can delete session	6	delete_session
24	Can view session	6	view_session
25	Can add genre	7	add_genre
26	Can change genre	7	change_genre
27	Can delete genre	7	delete_genre
28	Can view genre	7	view_genre
29	Can add employee	8	add_employee
30	Can change employee	8	change_employee
31	Can delete employee	8	delete_employee
32	Can view employee	8	view_employee
33	Can add video game	9	add_videogame
34	Can change video game	9	change_videogame
35	Can delete video game	9	delete_videogame
36	Can view video game	9	view_videogame
37	Can add developer	10	add_developer
38	Can change developer	10	change_developer
39	Can delete developer	10	delete_developer
40	Can view developer	10	view_developer
41	Can add copy	11	add_copy
42	Can change copy	11	change_copy
43	Can delete copy	11	delete_copy
44	Can view copy	11	view_copy
45	Can add review	12	add_review
46	Can change review	12	change_review
47	Can delete review	12	delete_review
48	Can view review	12	view_review
49	Can add user profile	13	add_userprofile
50	Can change user profile	13	change_userprofile
51	Can delete user profile	13	delete_userprofile
52	Can view user profile	13	view_userprofile
\.


--
-- TOC entry 5039 (class 0 OID 24958)
-- Dependencies: 230
-- Data for Name: auth_user; Type: TABLE DATA; Schema: public; Owner: -
--

COPY public.auth_user (id, password, last_login, is_superuser, username, first_name, last_name, email, is_staff, is_active, date_joined) FROM stdin;
33	pbkdf2_sha256$870000$fROs8lp5V24c23Oq4te5Vp$fuNerEn98rC4rMBK92Mf8LQDSKjlcZZ15ahQhw0ICSE=	\N	f	elizabeth53			michaelkline@example.org	f	t	2025-05-09 17:00:44.351662+02
34	pbkdf2_sha256$870000$4J44zANkcvtetwBzhfo4Gz$OaBESsQWFTKfjQwiM24ecSFFNmZsqWI/z7ef+ZL8O5A=	\N	f	mark54			austin67@example.net	f	t	2025-05-09 17:00:45.288296+02
35	pbkdf2_sha256$870000$c2SWQwSVAqqnEU0mfjvNig$rAaHLU+NgGfVA7j5QaEkwAtcAkjUUs/D2QiTc9ZdGso=	\N	f	victoriagonzalez			samuel39@example.com	f	t	2025-05-09 17:00:46.223645+02
1	pbkdf2_sha256$870000$YIVA5N6jHZBxUc9tszaSAb$qQ3j7RYKR5FexG0nl2MxZ2PUAlYB+Pm1VKTqQBqCQbw=	2024-11-14 12:10:47.612907+01	t	Admin			marcodomenico.zv@gmail.com	t	t	2024-10-27 17:15:23+01
36	pbkdf2_sha256$870000$mT4VrqTOv2HJKsUblkNxIe$4caBBtFTOMCXO3oqEVfEdT//VrYKETJAzeZNH3q7+eM=	\N	f	danielcarolyn			pateljodi@example.net	f	t	2025-05-09 17:00:47.127222+02
6	pbkdf2_sha256$870000$9PCuhmsgoEZAJkUDbHfzko$pzEAQAcEqCart8zp5CYA14C8EDeEgz2tApD8X/pnjM4=	\N	t	marco			marcozetina42@gmail.com	t	t	2025-04-29 19:17:51.929781+02
37	pbkdf2_sha256$870000$2sZvqSYYwudlszbX1XmnIN$Sd8rot4p87l/8Gs5k6dJByVOYxepgiyyPpKdrAF/4y4=	\N	f	jsalazar			farrelldenise@example.net	f	t	2025-05-09 17:00:48.022426+02
7	pbkdf2_sha256$870000$IwEehuMaJnXjp3Vid9oNSB$WQQwj12/GyNYE79w+evX78SGLyAXm+KvklMOWkHZY1M=	2025-04-29 19:19:15+02	t	Marco			marcozetina42@gmail.com	t	t	2025-04-29 19:18:57+02
\.


--
-- TOC entry 5041 (class 0 OID 24966)
-- Dependencies: 232
-- Data for Name: auth_user_groups; Type: TABLE DATA; Schema: public; Owner: -
--

COPY public.auth_user_groups (id, user_id, group_id) FROM stdin;
5	7	3
\.


--
-- TOC entry 5043 (class 0 OID 24972)
-- Dependencies: 234
-- Data for Name: auth_user_user_permissions; Type: TABLE DATA; Schema: public; Owner: -
--

COPY public.auth_user_user_permissions (id, user_id, permission_id) FROM stdin;
1	7	1
2	7	2
3	7	3
4	7	4
5	7	5
6	7	6
7	7	7
8	7	8
9	7	9
10	7	10
11	7	11
12	7	12
13	7	13
14	7	14
15	7	15
16	7	16
17	7	17
18	7	18
19	7	19
20	7	20
21	7	21
22	7	22
23	7	23
24	7	24
25	7	25
26	7	26
27	7	27
28	7	28
29	7	29
30	7	30
31	7	31
32	7	32
33	7	33
34	7	34
35	7	35
36	7	36
\.


--
-- TOC entry 5045 (class 0 OID 25030)
-- Dependencies: 236
-- Data for Name: django_admin_log; Type: TABLE DATA; Schema: public; Owner: -
--

COPY public.django_admin_log (id, action_time, object_id, object_repr, action_flag, change_message, content_type_id, user_id) FROM stdin;
1	2024-10-27 17:33:44.189183+01	1	Staff_member	1	[{"added": {}}]	3	1
2	2024-10-27 17:34:47.785395+01	2	Managers	1	[{"added": {}}]	3	1
3	2024-10-27 17:35:07.529233+01	3	Admin	1	[{"added": {}}]	3	1
4	2024-10-27 17:37:11.764894+01	2	user2	1	[{"added": {}}]	4	1
5	2024-10-27 17:37:36.995485+01	3	user3	1	[{"added": {}}]	4	1
6	2024-10-27 17:37:52.746728+01	4	user4	1	[{"added": {}}]	4	1
7	2024-10-27 17:38:05.940531+01	5	user5	1	[{"added": {}}]	4	1
8	2024-10-27 17:42:29.419566+01	1	Admin	2	[{"changed": {"fields": ["Username"]}}]	4	1
9	2024-10-27 17:44:43.410087+01	2	user2	2	[{"changed": {"fields": ["Groups"]}}]	4	1
10	2024-10-27 17:44:52.864732+01	3	user3	2	[{"changed": {"fields": ["Groups"]}}]	4	1
11	2024-10-27 17:45:00.64879+01	4	user4	2	[{"changed": {"fields": ["Groups"]}}]	4	1
12	2024-10-27 17:45:05.930494+01	5	user5	2	[{"changed": {"fields": ["Groups"]}}]	4	1
13	2024-10-27 18:50:00.710917+01	1	Staff_member	2	[{"changed": {"fields": ["Permissions"]}}]	3	1
14	2024-10-27 21:09:56.339284+01	1	Staff_member	2	[{"changed": {"fields": ["Permissions"]}}]	3	1
15	2025-04-29 19:20:07.849139+02	3	Marco	2	[{"changed": {"fields": ["Name"]}}]	3	7
16	2025-04-29 19:20:39.216987+02	3	Marco	2	[{"changed": {"fields": ["Permissions"]}}]	3	7
17	2025-04-29 19:21:14.593987+02	7	Marco	2	[{"changed": {"fields": ["Groups", "User permissions"]}}]	4	7
\.


--
-- TOC entry 5031 (class 0 OID 24930)
-- Dependencies: 222
-- Data for Name: django_content_type; Type: TABLE DATA; Schema: public; Owner: -
--

COPY public.django_content_type (id, app_label, model) FROM stdin;
1	admin	logentry
2	auth	permission
3	auth	group
4	auth	user
5	contenttypes	contenttype
6	sessions	session
7	videogames_register	genre
8	videogames_register	employee
9	videogames_register	videogame
10	videogames_register	developer
11	videogames_register	copy
12	videogames_register	review
13	videogames_register	userprofile
\.


--
-- TOC entry 5029 (class 0 OID 24922)
-- Dependencies: 220
-- Data for Name: django_migrations; Type: TABLE DATA; Schema: public; Owner: -
--

COPY public.django_migrations (id, app, name, applied) FROM stdin;
1	contenttypes	0001_initial	2024-10-27 12:49:22.406902+01
2	auth	0001_initial	2024-10-27 12:49:22.475415+01
3	admin	0001_initial	2024-10-27 12:49:22.506597+01
4	admin	0002_logentry_remove_auto_add	2024-10-27 12:49:22.511597+01
5	admin	0003_logentry_add_action_flag_choices	2024-10-27 12:49:22.518111+01
6	contenttypes	0002_remove_content_type_name	2024-10-27 12:49:22.54911+01
7	auth	0002_alter_permission_name_max_length	2024-10-27 12:49:22.555111+01
8	auth	0003_alter_user_email_max_length	2024-10-27 12:49:22.56011+01
9	auth	0004_alter_user_username_opts	2024-10-27 12:49:22.564111+01
10	auth	0005_alter_user_last_login_null	2024-10-27 12:49:22.56911+01
11	auth	0006_require_contenttypes_0002	2024-10-27 12:49:22.570112+01
12	auth	0007_alter_validators_add_error_messages	2024-10-27 12:49:22.574111+01
13	auth	0008_alter_user_username_max_length	2024-10-27 12:49:22.58411+01
14	auth	0009_alter_user_last_name_max_length	2024-10-27 12:49:22.591111+01
15	auth	0010_alter_group_name_max_length	2024-10-27 12:49:22.596111+01
16	auth	0011_update_proxy_permissions	2024-10-27 12:49:22.601121+01
17	auth	0012_alter_user_first_name_max_length	2024-10-27 12:49:22.60612+01
18	sessions	0001_initial	2024-10-27 12:49:22.613628+01
21	videogames_register	0001_initial	2025-04-29 18:11:43.189152+02
22	videogames_register	0002_developer_copy_review_userprofile	2025-05-09 10:44:04.366682+02
23	videogames_register	0003_alter_videogame_description_alter_videogame_title	2025-05-09 16:39:14.268431+02
\.


--
-- TOC entry 5046 (class 0 OID 25058)
-- Dependencies: 237
-- Data for Name: django_session; Type: TABLE DATA; Schema: public; Owner: -
--

COPY public.django_session (session_key, session_data, expire_date) FROM stdin;
xfg05hhxtwbuggdy669qs1s6b2txv82d	.eJxVjEsOwjAMBe-SNYqc2m0NS_Y9Q-Q0MSmgROpnhbg7VOoCtm9m3st42dbstyXNformYpw5_W5BxkcqO4h3Kbdqx1rWeQp2V-xBFzvUmJ7Xw_07yLLkb42tNtpD6NiFhkXxrEBMCNpiYnAKnTQUg3S9JiJRB0gMioSM6kbz_gDLpzc1:1t5Ttz:d2R35178avCPLg8zQM_B579NxjsKvtMAvxfRMmBlamE	2024-11-11 18:51:39.854673+01
0vwnrms6xb4disi7nn1hw2g1amflngky	.eJxVjEsOwjAMBe-SNYqc2m0NS_Y9Q-Q0MSmgROpnhbg7VOoCtm9m3st42dbstyXNformYpw5_W5BxkcqO4h3Kbdqx1rWeQp2V-xBFzvUmJ7Xw_07yLLkb42tNtpD6NiFhkXxrEBMCNpiYnAKnTQUg3S9JiJRB0gMioSM6kbz_gDLpzc1:1t5oQQ:ij57VCY7f5XeuWpvm1RmaStfOg9L9TRiyP0VBla6dg0	2024-11-12 16:46:30.708234+01
4c194mwjccemu59jkuwgj0xrlznn4zvp	.eJxVjEsOwjAMBe-SNYqc2m0NS_Y9Q-Q0MSmgROpnhbg7VOoCtm9m3st42dbstyXNformYpw5_W5BxkcqO4h3Kbdqx1rWeQp2V-xBFzvUmJ7Xw_07yLLkb42tNtpD6NiFhkXxrEBMCNpiYnAKnTQUg3S9JiJRB0gMioSM6kbz_gDLpzc1:1t5oUK:_TiKh6RSBdDX1Igl2kICbQmZzldtF5S7l8QVsGNmizY	2024-11-12 16:50:32.0318+01
clh2a8rxyki1moahyewh61m1v5h727co	.eJxVjEsOwjAMBe-SNYqc2m0NS_Y9Q-Q0MSmgROpnhbg7VOoCtm9m3st42dbstyXNformYpw5_W5BxkcqO4h3Kbdqx1rWeQp2V-xBFzvUmJ7Xw_07yLLkb42tNtpD6NiFhkXxrEBMCNpiYnAKnTQUg3S9JiJRB0gMioSM6kbz_gDLpzc1:1tBXkN:RGHcjBlgqeq2bcyQeg63alBLXgnvF8qUmK0n6plSEfc	2024-11-28 12:10:47.618905+01
3qalfq379vm5scnc2xb8xiz90876nel2	.eJxVjEEOwiAUBe_C2hCggYpL956B_P8AqRpISrtqvLs26UK3b2beJgKtSwlrT3OYorgII06_GxOeqe4gPqjem0Sryzyx3BV50C5vLabX9XD_Dgr18q2TVU5p9uQosaE8GmLtz94pZAfEDIeolI9k7JgHkB2MTwAzKwBavD8IWjll:1tGzNa:FK2-v_yOAp7A0Zk51-QVSTxb44k1CIGOJ1bPdCTbjcE	2024-12-13 12:41:46.118186+01
ipuqpgjc19i4134pvcz34vxmi19aeibu	.eJxVjDsOwyAQRO9CHaHla0iZ3mdACyzBSYQlY1dR7h5bcpFounlv5s0CbmsNW6clTJld2cAuv13E9KR2gPzAdp95mtu6TJEfCj9p5-Oc6XU73b-Dir3ua0ekSgYXbUygTMkIqoAgElpHbwarBKJTSC5l5aXUAB6s8WUPoJfs8wX1LTel:1u9obz:90Vcz4zxncih-VfT2T2Rbhyzpz8kWh0VtaOdrqeGSxY	2025-05-13 19:19:15.928753+02
\.


--
-- TOC entry 5057 (class 0 OID 78256)
-- Dependencies: 248
-- Data for Name: videogames_register_copy; Type: TABLE DATA; Schema: public; Owner: -
--

COPY public.videogames_register_copy (id, serial_number, condition, added_at, game_id) FROM stdin;
140	a1935943-7a7c-4bbc-9150-8d9012120236	New	2025-05-09 17:00:48.963274+02	135
141	cb58f5bf-63c4-4a11-8e83-1f62698db560	Mint	2025-05-09 17:00:48.96678+02	136
142	3c7cf55f-d64b-4f01-8b88-0e592d1efea2	New	2025-05-09 17:00:48.96678+02	136
143	beea58b3-22cc-4895-a9dc-2fd51bae76f0	Used	2025-05-09 17:00:48.968881+02	137
144	85066862-f9eb-4685-9774-44f09ba0999c	Used	2025-05-09 17:00:48.968881+02	137
145	65941fa2-ae25-4285-a6a9-0bc5e3d1d1e2	New	2025-05-09 17:00:48.972723+02	137
146	3522abeb-c745-4817-8220-d119213bd97f	Mint	2025-05-09 17:00:48.972723+02	138
147	3bd1e539-0d28-46d7-b866-5878395a102d	New	2025-05-09 17:00:48.974557+02	139
148	f032be95-1017-4e13-841e-83900e5f9cfd	Used	2025-05-09 17:00:48.976011+02	140
149	8106d84b-af0f-4286-92b4-4b41f73f4da1	New	2025-05-09 17:00:48.976011+02	140
150	a38e70d9-26c1-442b-8849-eb28037a0400	Mint	2025-05-09 17:00:48.978716+02	141
151	89693242-edbf-4bd6-8909-0a952ba46fd0	Mint	2025-05-09 17:00:48.978716+02	141
152	bbf67a67-3b8a-48aa-ae1f-f5dec783d8e4	Used	2025-05-09 17:00:48.98073+02	142
153	aa6e799b-31d3-48bb-80d4-bf91756978af	New	2025-05-09 17:00:48.982252+02	143
154	bef17543-0208-4a37-9746-173222c312f1	New	2025-05-09 17:00:48.982252+02	143
155	bb2209e4-9ee7-45a4-bdcc-00cf5deebb40	Used	2025-05-09 17:00:48.982252+02	144
156	37356f92-8566-4ee0-87d9-1448e3743bfe	Used	2025-05-09 17:00:48.985538+02	144
157	6ab326a7-56cf-4157-bf88-a2792ea71221	New	2025-05-09 17:00:48.985538+02	145
158	e2d2e004-a7da-4937-bf21-3ef52daca8fe	Mint	2025-05-09 17:00:48.988076+02	145
159	db58714b-0a53-432a-9a3f-d6df67ff07b4	Mint	2025-05-09 17:00:48.988076+02	145
160	d6dcd80c-c9ba-45a2-bbe8-6580457ffcdf	Mint	2025-05-09 17:00:48.988076+02	146
161	24998510-882e-4950-8433-df63a2f3859c	Used	2025-05-09 17:00:48.988076+02	146
162	2484806b-24d7-4bef-a61d-e6278b01ea0e	Used	2025-05-09 17:00:48.992922+02	146
163	d2d162a7-b037-415c-80de-016d39c005a2	New	2025-05-09 17:00:48.994373+02	147
164	5c6ddf21-2342-4793-864e-e894e88fd6aa	Mint	2025-05-09 17:00:48.994373+02	147
165	72ff68c4-fde0-498d-8294-b0c9da78c167	New	2025-05-09 17:00:48.997288+02	147
166	c62a0bce-468d-4749-8c66-31c73eb98863	Used	2025-05-09 17:00:48.997288+02	148
167	8a48b810-f5f3-4d6d-9bbf-fb317d13c22f	New	2025-05-09 17:00:48.99865+02	148
168	72d5e2ba-5154-4c93-a44f-adab8aef306d	New	2025-05-09 17:00:49.000205+02	149
169	a8e6a9fe-3f5c-49ba-acdd-653597a25a39	Mint	2025-05-09 17:00:49.000205+02	150
170	c1491a44-8263-4425-a776-d93d2c99d008	New	2025-05-09 17:00:49.000205+02	150
171	66d3e0e2-90c9-4935-be61-da15c7d7dd88	Mint	2025-05-09 17:00:49.000205+02	151
172	faffa760-355c-4451-9290-78c7071b52af	Used	2025-05-09 17:00:49.000205+02	151
173	daff2c11-2536-4766-9f9c-7d7f1570d46d	Used	2025-05-09 17:00:49.006497+02	151
174	2f8583b4-a2d0-405c-93bd-5b47493287bc	New	2025-05-09 17:00:49.006497+02	152
175	ede76dbb-1532-47e9-916c-a15c6b488d21	Used	2025-05-09 17:00:49.008897+02	153
176	70e93e48-35a3-4a21-858f-2384712e1545	New	2025-05-09 17:00:49.008897+02	154
177	465c0c44-8306-4f98-b7b4-9b2f14009311	Used	2025-05-09 17:00:49.053151+02	135
178	17831245-11e5-4e6c-bd29-e53e68a6f5e8	Mint	2025-05-09 17:00:49.054578+02	135
179	efc358d4-92ec-4679-bf77-b0555a0fb518	New	2025-05-09 17:00:49.055778+02	135
180	f0670454-75fd-4b64-9a33-24189f57cc20	Used	2025-05-09 17:00:49.055778+02	136
181	b941bccb-a58b-4aa6-b35f-14363fbfcb6c	New	2025-05-09 17:00:49.057955+02	137
182	4c0d47ec-5f80-4f08-974d-d61f8aa25ad0	New	2025-05-09 17:00:49.057955+02	138
183	8569e660-d71f-453c-b16d-26e63f5006e0	Used	2025-05-09 17:00:49.060469+02	138
184	553b1105-0395-4ac2-849e-32121c57381f	Mint	2025-05-09 17:00:49.063265+02	138
185	6c5d41b9-20a6-4fa1-bbe4-85c8c7485ed1	Mint	2025-05-09 17:00:49.06457+02	139
186	a5db130c-f71b-4e23-bdb7-5b504672c3c3	Used	2025-05-09 17:00:49.065903+02	140
187	3c996be6-61d0-4f5a-b500-1fed86e0b6a4	New	2025-05-09 17:00:49.067482+02	140
188	21eab786-35d4-45c4-8cd3-dd19609ea837	Mint	2025-05-09 17:00:49.067482+02	140
189	8ea74777-aaf8-4ebd-94d6-10df6aa58090	New	2025-05-09 17:00:49.070086+02	141
190	091d694c-107a-40f5-9939-81848f94fad5	New	2025-05-09 17:00:49.071803+02	141
191	f793f595-ef64-453c-91c7-11caa3ab7f99	New	2025-05-09 17:00:49.073457+02	141
192	d6ea23f4-a233-4af9-9d20-1f26e6d9b74f	Mint	2025-05-09 17:00:49.073457+02	142
193	2170409c-7e87-45f0-b835-f6ee39f22ce4	Mint	2025-05-09 17:00:49.076442+02	142
194	12305107-2083-4a0b-8c34-7aad9e5d13a0	Used	2025-05-09 17:00:49.07696+02	143
195	ab759fc9-a718-4dab-bd1a-8751d49be5fa	Mint	2025-05-09 17:00:49.078291+02	143
196	6a944899-7a23-4811-98a7-f26fa0eef014	New	2025-05-09 17:00:49.079852+02	143
197	5408705c-6301-4440-bf79-edd68cc26a70	Mint	2025-05-09 17:00:49.079852+02	144
198	2c782d8e-9a11-400d-b778-202d7d8ca093	Mint	2025-05-09 17:00:49.081564+02	144
199	2c986b5f-3271-4838-83c4-b024d1ec558d	New	2025-05-09 17:00:49.082753+02	145
200	6b3b7d7d-9bf3-4778-872a-2e0e79045fd5	New	2025-05-09 17:00:49.084288+02	145
201	3d67a71f-e402-407c-9b2d-224441891157	Mint	2025-05-09 17:00:49.084288+02	146
202	5fdfcc35-389b-43e9-b5be-47f3b61de879	New	2025-05-09 17:00:49.084288+02	146
203	0074a917-e035-4da4-9c30-e8665f79148d	Mint	2025-05-09 17:00:49.084288+02	147
204	5130dfa1-b7f0-4089-9fbf-f67f31bf7520	New	2025-05-09 17:00:49.088782+02	147
205	f9dbdf40-bf49-43f8-aacc-d7545a1f4701	Used	2025-05-09 17:00:49.090162+02	147
206	c4835024-8fa9-45eb-a9d2-ec70cfa5380e	New	2025-05-09 17:00:49.092435+02	148
207	79a24c46-63a1-43b3-80e2-3abbbe15c938	New	2025-05-09 17:00:49.092435+02	148
208	c675fb63-4b0f-40cd-9337-cb7de897bd21	Mint	2025-05-09 17:00:49.092435+02	148
209	c03c7fb8-301a-4593-8db4-d92d4316f0db	Mint	2025-05-09 17:00:49.095617+02	149
210	885f0f2a-220e-40b4-aa8b-cadab61b8efa	New	2025-05-09 17:00:49.097568+02	149
211	2655e1dc-6df1-48fc-bc21-0245c3629add	Used	2025-05-09 17:00:49.097568+02	150
212	c77392d9-5c6d-4473-90bf-1eaec4dccc92	Mint	2025-05-09 17:00:49.097568+02	150
213	ed55f2c1-c044-40c4-97c3-abbee224d681	New	2025-05-09 17:00:49.097568+02	150
214	04d5ef71-0700-459f-a12e-f419c27776f8	New	2025-05-09 17:00:49.102097+02	151
215	053294d9-ef97-480a-aef4-b70e310428e7	New	2025-05-09 17:00:49.102097+02	151
216	b253a2b2-1d6d-49cc-a1d6-2f872feee745	Mint	2025-05-09 17:00:49.104917+02	151
217	730e5665-b218-42bb-8ab5-eae082eb6941	New	2025-05-09 17:00:49.106098+02	152
218	bb5e6281-26b0-4f01-9829-5396735e1dc1	New	2025-05-09 17:00:49.107693+02	152
219	eb5fea72-0c8c-47ca-91a8-3c8420b385fe	Mint	2025-05-09 17:00:49.107693+02	153
220	ce27cb72-c2af-4558-8700-01f6a9ddc632	New	2025-05-09 17:00:49.109777+02	153
221	d14da0b8-691e-4a89-80d6-deb7b1bf50c7	Used	2025-05-09 17:00:49.109777+02	154
\.


--
-- TOC entry 5055 (class 0 OID 78250)
-- Dependencies: 246
-- Data for Name: videogames_register_developer; Type: TABLE DATA; Schema: public; Owner: -
--

COPY public.videogames_register_developer (id, name, founded_year) FROM stdin;
46	Porter-Tanner	2012
47	Johnson, Klein and Nash	2004
48	Coffey, Johnson and Jenkins	2004
49	Carter, Johnson and Gray	2011
50	Dean-Johnson	2024
51	Marco SA	2025
52	asdf	2025
53	asdf	2023
\.


--
-- TOC entry 5048 (class 0 OID 25068)
-- Dependencies: 239
-- Data for Name: videogames_register_genre; Type: TABLE DATA; Schema: public; Owner: -
--

COPY public.videogames_register_genre (id, title) FROM stdin;
58	Action
59	Adventure
60	RPG
61	Shooter
62	Puzzle
63	Strategy
64	Sports
\.


--
-- TOC entry 5059 (class 0 OID 78264)
-- Dependencies: 250
-- Data for Name: videogames_register_review; Type: TABLE DATA; Schema: public; Owner: -
--

COPY public.videogames_register_review (id, rating, comment, reviewed_at, game_id, user_id) FROM stdin;
41	8	Assume glass another.	2025-05-09 17:00:49.012883+02	149	37
42	8	Yes become popular fast now school lawyer.	2025-05-09 17:00:49.012883+02	146	7
43	7	Son author crime there.	2025-05-09 17:00:49.016727+02	137	7
44	6	Enjoy training forward owner race agent.	2025-05-09 17:00:49.016727+02	136	36
45	7	Yes spring seat help beyond off.	2025-05-09 17:00:49.018896+02	135	33
46	3	Reason run teach politics throw step face.	2025-05-09 17:00:49.020476+02	135	7
47	7	At economic defense party threat.	2025-05-09 17:00:49.020476+02	152	37
48	2	Someone south real way number job.	2025-05-09 17:00:49.023303+02	146	33
49	9	Everything serious have cause current fill.	2025-05-09 17:00:49.023303+02	143	33
50	3	Fly interview top certainly senior wish point production.	2025-05-09 17:00:49.025956+02	140	35
51	2	Must inside without performance weight.	2025-05-09 17:00:49.027419+02	135	36
52	3	Role success amount policy activity leg.	2025-05-09 17:00:49.028934+02	148	1
53	6	Out American ground bag ago enter interesting.	2025-05-09 17:00:49.030209+02	137	36
54	5	Figure some gun year trade.	2025-05-09 17:00:49.031435+02	145	34
55	4	Season meet inside buy could.	2025-05-09 17:00:49.032646+02	138	34
56	3	Kind authority sport piece special various.	2025-05-09 17:00:49.03387+02	139	36
57	10	Sell animal culture statement story.	2025-05-09 17:00:49.035164+02	147	33
58	9	Discussion low out hundred worker.	2025-05-09 17:00:49.0366+02	145	1
59	8	Anyone effort age true later standard.	2025-05-09 17:00:49.038044+02	147	6
60	5	Bank off old whether voice free product other.	2025-05-09 17:00:49.039304+02	146	33
61	7	Large court over performance.	2025-05-09 17:00:49.040563+02	135	36
62	9	Say although imagine short.	2025-05-09 17:00:49.041802+02	141	7
63	10	Staff raise tend material goal free then.	2025-05-09 17:00:49.04303+02	146	6
64	8	Class everybody little power.	2025-05-09 17:00:49.044857+02	148	33
65	8	Reality admit speech whose.	2025-05-09 17:00:49.044857+02	145	33
66	4	Source interest ask century.	2025-05-09 17:00:49.044857+02	147	35
67	7	Return find international she attack.	2025-05-09 17:00:49.047977+02	153	35
68	8	Soldier chance wide bed mind company letter.	2025-05-09 17:00:49.049426+02	138	36
69	9	Every where eat reduce thus according.	2025-05-09 17:00:49.050438+02	135	6
70	7	Who training team.	2025-05-09 17:00:49.051912+02	140	1
71	5	not so bad	2025-05-10 20:59:08.038184+02	150	33
72	5	.	2025-05-10 21:53:54.186756+02	149	33
73	9	...	2025-05-10 21:57:34.517557+02	152	33
\.


--
-- TOC entry 5061 (class 0 OID 78272)
-- Dependencies: 252
-- Data for Name: videogames_register_userprofile; Type: TABLE DATA; Schema: public; Owner: -
--

COPY public.videogames_register_userprofile (id, country, age, user_id) FROM stdin;
26	China	38	33
27	South Georgia and the South Sandwich Islands	18	34
28	Sudan	44	35
29	Tajikistan	36	36
30	Ireland	18	37
31	Guatemala	25	7
\.


--
-- TOC entry 5050 (class 0 OID 25086)
-- Dependencies: 241
-- Data for Name: videogames_register_videogame; Type: TABLE DATA; Schema: public; Owner: -
--

COPY public.videogames_register_videogame (id, title, release_date, description, genre_id) FROM stdin;
175	Gsdf	2024-02-02	asdf	64
136	Galactic Titans	2018-12-15	Explore ancient ruins and uncover hidden secrets.	61
137	Mystic Quest	2024-03-02	Command your troops in a real-time strategy battlefield.	58
138	Steel Reign	2017-02-10	Join the rebellion against the galactic empire.	63
139	Cyber Drift	2025-01-25	A fantasy RPG with immersive storytelling and rich lore.	64
140	Knightfall Chronicles	2025-01-23	Drive high-tech vehicles in a neon cyberpunk city.	59
141	Inferno Squad	2019-04-17	Survive endless waves of enemies in post-apocalyptic arenas.	58
142	Frostbound	2017-09-15	Build and manage your own medieval kingdom.	58
143	Echoes of Oblivion	2023-09-10	Compete in futuristic sports tournaments with deadly consequences.	64
144	Nova Arena	2021-07-15	Navigate political intrigue and betrayal in a space federation.	63
145	Crystal Rift	2020-01-05	Hack into networks while avoiding elite AI defenders.	59
135	Shadowblade2	2016-02-07	A fast-paced action game set in a dystopian future.	61
176	asdf	2020-03-09	asdf	64
146	Phantom Protocol	2022-06-06	Fly elite starfighters in tactical interstellar battles.	58
147	Neon Shards	2015-12-17	Uncover the mystery behind vanishing cities.	59
148	Eternal Siege	2019-02-27	Combine magic and technology to restore a broken world.	60
149	Dark Horizon	2018-10-31	Control mythical creatures in turn-based combat.	63
150	Turbo Strikers	2022-05-11	Battle rogue AIs in a derelict digital wasteland.	59
151	Skyfall Bastion	2019-11-03	Rescue colonies lost to alien infestations.	58
152	Quantum Rift	2025-02-13	Rebuild civilization after a massive solar storm.	60
153	Blood Circuit	2018-04-12	Explore underwater cities and defend against sea monsters.	64
154	Ashen Crown	2024-01-04	Join secret guilds and shape the fate of nations.	63
155	Shadowblade	2016-06-01	A fast-paced action game set in a dystopian future.	62
156	Galactic Titans	2020-07-23	Explore ancient ruins and uncover hidden secrets.	61
157	Mystic Quest	2019-11-04	Command your troops in a real-time strategy battlefield.	59
158	Steel Reign	2015-07-31	Join the rebellion against the galactic empire.	63
159	Cyber Drift	2019-01-19	A fantasy RPG with immersive storytelling and rich lore.	62
160	Knightfall Chronicles	2023-07-17	Drive high-tech vehicles in a neon cyberpunk city.	61
161	Inferno Squad	2018-07-16	Survive endless waves of enemies in post-apocalyptic arenas.	60
162	Frostbound	2022-02-21	Build and manage your own medieval kingdom.	64
163	Echoes of Oblivion	2022-01-08	Compete in futuristic sports tournaments with deadly consequences.	59
164	Nova Arena	2017-11-11	Navigate political intrigue and betrayal in a space federation.	64
165	Crystal Rift	2022-04-05	Hack into networks while avoiding elite AI defenders.	58
166	Phantom Protocol	2016-07-17	Fly elite starfighters in tactical interstellar battles.	62
167	Neon Shards	2024-03-04	Uncover the mystery behind vanishing cities.	60
168	Eternal Siege	2017-10-12	Combine magic and technology to restore a broken world.	61
169	Dark Horizon	2015-07-05	Control mythical creatures in turn-based combat.	61
170	Turbo Strikers	2016-05-21	Battle rogue AIs in a derelict digital wasteland.	63
171	Skyfall Bastion	2021-03-26	Rescue colonies lost to alien infestations.	64
172	Quantum Rift	2019-08-31	Rebuild civilization after a massive solar storm.	61
173	Blood Circuit	2016-07-30	Explore underwater cities and defend against sea monsters.	64
174	Ashen Crown	2019-05-17	Join secret guilds and shape the fate of nations.	59
\.


--
-- TOC entry 5105 (class 0 OID 0)
-- Dependencies: 242
-- Name: audit_log_id_seq; Type: SEQUENCE SET; Schema: audit; Owner: -
--

SELECT pg_catalog.setval('audit.audit_log_id_seq', 477, true);


--
-- TOC entry 5106 (class 0 OID 0)
-- Dependencies: 225
-- Name: auth_group_id_seq; Type: SEQUENCE SET; Schema: public; Owner: -
--

SELECT pg_catalog.setval('public.auth_group_id_seq', 3, true);


--
-- TOC entry 5107 (class 0 OID 0)
-- Dependencies: 227
-- Name: auth_group_permissions_id_seq; Type: SEQUENCE SET; Schema: public; Owner: -
--

SELECT pg_catalog.setval('public.auth_group_permissions_id_seq', 45, true);


--
-- TOC entry 5108 (class 0 OID 0)
-- Dependencies: 223
-- Name: auth_permission_id_seq; Type: SEQUENCE SET; Schema: public; Owner: -
--

SELECT pg_catalog.setval('public.auth_permission_id_seq', 52, true);


--
-- TOC entry 5109 (class 0 OID 0)
-- Dependencies: 231
-- Name: auth_user_groups_id_seq; Type: SEQUENCE SET; Schema: public; Owner: -
--

SELECT pg_catalog.setval('public.auth_user_groups_id_seq', 5, true);


--
-- TOC entry 5110 (class 0 OID 0)
-- Dependencies: 229
-- Name: auth_user_id_seq; Type: SEQUENCE SET; Schema: public; Owner: -
--

SELECT pg_catalog.setval('public.auth_user_id_seq', 37, true);


--
-- TOC entry 5111 (class 0 OID 0)
-- Dependencies: 233
-- Name: auth_user_user_permissions_id_seq; Type: SEQUENCE SET; Schema: public; Owner: -
--

SELECT pg_catalog.setval('public.auth_user_user_permissions_id_seq', 36, true);


--
-- TOC entry 5112 (class 0 OID 0)
-- Dependencies: 235
-- Name: django_admin_log_id_seq; Type: SEQUENCE SET; Schema: public; Owner: -
--

SELECT pg_catalog.setval('public.django_admin_log_id_seq', 17, true);


--
-- TOC entry 5113 (class 0 OID 0)
-- Dependencies: 221
-- Name: django_content_type_id_seq; Type: SEQUENCE SET; Schema: public; Owner: -
--

SELECT pg_catalog.setval('public.django_content_type_id_seq', 13, true);


--
-- TOC entry 5114 (class 0 OID 0)
-- Dependencies: 219
-- Name: django_migrations_id_seq; Type: SEQUENCE SET; Schema: public; Owner: -
--

SELECT pg_catalog.setval('public.django_migrations_id_seq', 23, true);


--
-- TOC entry 5115 (class 0 OID 0)
-- Dependencies: 247
-- Name: videogames_register_copy_id_seq; Type: SEQUENCE SET; Schema: public; Owner: -
--

SELECT pg_catalog.setval('public.videogames_register_copy_id_seq', 221, true);


--
-- TOC entry 5116 (class 0 OID 0)
-- Dependencies: 245
-- Name: videogames_register_developer_id_seq; Type: SEQUENCE SET; Schema: public; Owner: -
--

SELECT pg_catalog.setval('public.videogames_register_developer_id_seq', 53, true);


--
-- TOC entry 5117 (class 0 OID 0)
-- Dependencies: 238
-- Name: videogames_register_genre_id_seq; Type: SEQUENCE SET; Schema: public; Owner: -
--

SELECT pg_catalog.setval('public.videogames_register_genre_id_seq', 64, true);


--
-- TOC entry 5118 (class 0 OID 0)
-- Dependencies: 249
-- Name: videogames_register_review_id_seq; Type: SEQUENCE SET; Schema: public; Owner: -
--

SELECT pg_catalog.setval('public.videogames_register_review_id_seq', 73, true);


--
-- TOC entry 5119 (class 0 OID 0)
-- Dependencies: 251
-- Name: videogames_register_userprofile_id_seq; Type: SEQUENCE SET; Schema: public; Owner: -
--

SELECT pg_catalog.setval('public.videogames_register_userprofile_id_seq', 31, true);


--
-- TOC entry 5120 (class 0 OID 0)
-- Dependencies: 240
-- Name: videogames_register_videogame_id_seq; Type: SEQUENCE SET; Schema: public; Owner: -
--

SELECT pg_catalog.setval('public.videogames_register_videogame_id_seq', 176, true);


--
-- TOC entry 4848 (class 2606 OID 78225)
-- Name: audit_log audit_log_pkey; Type: CONSTRAINT; Schema: audit; Owner: -
--

ALTER TABLE ONLY audit.audit_log
    ADD CONSTRAINT audit_log_pkey PRIMARY KEY (id);


--
-- TOC entry 4803 (class 2606 OID 25056)
-- Name: auth_group auth_group_name_key; Type: CONSTRAINT; Schema: public; Owner: -
--

ALTER TABLE ONLY public.auth_group
    ADD CONSTRAINT auth_group_name_key UNIQUE (name);


--
-- TOC entry 4808 (class 2606 OID 24987)
-- Name: auth_group_permissions auth_group_permissions_group_id_permission_id_0cd325b0_uniq; Type: CONSTRAINT; Schema: public; Owner: -
--

ALTER TABLE ONLY public.auth_group_permissions
    ADD CONSTRAINT auth_group_permissions_group_id_permission_id_0cd325b0_uniq UNIQUE (group_id, permission_id);


--
-- TOC entry 4811 (class 2606 OID 24956)
-- Name: auth_group_permissions auth_group_permissions_pkey; Type: CONSTRAINT; Schema: public; Owner: -
--

ALTER TABLE ONLY public.auth_group_permissions
    ADD CONSTRAINT auth_group_permissions_pkey PRIMARY KEY (id);


--
-- TOC entry 4805 (class 2606 OID 24948)
-- Name: auth_group auth_group_pkey; Type: CONSTRAINT; Schema: public; Owner: -
--

ALTER TABLE ONLY public.auth_group
    ADD CONSTRAINT auth_group_pkey PRIMARY KEY (id);


--
-- TOC entry 4798 (class 2606 OID 24978)
-- Name: auth_permission auth_permission_content_type_id_codename_01ab375a_uniq; Type: CONSTRAINT; Schema: public; Owner: -
--

ALTER TABLE ONLY public.auth_permission
    ADD CONSTRAINT auth_permission_content_type_id_codename_01ab375a_uniq UNIQUE (content_type_id, codename);


--
-- TOC entry 4800 (class 2606 OID 24942)
-- Name: auth_permission auth_permission_pkey; Type: CONSTRAINT; Schema: public; Owner: -
--

ALTER TABLE ONLY public.auth_permission
    ADD CONSTRAINT auth_permission_pkey PRIMARY KEY (id);


--
-- TOC entry 4819 (class 2606 OID 24970)
-- Name: auth_user_groups auth_user_groups_pkey; Type: CONSTRAINT; Schema: public; Owner: -
--

ALTER TABLE ONLY public.auth_user_groups
    ADD CONSTRAINT auth_user_groups_pkey PRIMARY KEY (id);


--
-- TOC entry 4822 (class 2606 OID 25002)
-- Name: auth_user_groups auth_user_groups_user_id_group_id_94350c0c_uniq; Type: CONSTRAINT; Schema: public; Owner: -
--

ALTER TABLE ONLY public.auth_user_groups
    ADD CONSTRAINT auth_user_groups_user_id_group_id_94350c0c_uniq UNIQUE (user_id, group_id);


--
-- TOC entry 4813 (class 2606 OID 24962)
-- Name: auth_user auth_user_pkey; Type: CONSTRAINT; Schema: public; Owner: -
--

ALTER TABLE ONLY public.auth_user
    ADD CONSTRAINT auth_user_pkey PRIMARY KEY (id);


--
-- TOC entry 4825 (class 2606 OID 24976)
-- Name: auth_user_user_permissions auth_user_user_permissions_pkey; Type: CONSTRAINT; Schema: public; Owner: -
--

ALTER TABLE ONLY public.auth_user_user_permissions
    ADD CONSTRAINT auth_user_user_permissions_pkey PRIMARY KEY (id);


--
-- TOC entry 4828 (class 2606 OID 25016)
-- Name: auth_user_user_permissions auth_user_user_permissions_user_id_permission_id_14a6b632_uniq; Type: CONSTRAINT; Schema: public; Owner: -
--

ALTER TABLE ONLY public.auth_user_user_permissions
    ADD CONSTRAINT auth_user_user_permissions_user_id_permission_id_14a6b632_uniq UNIQUE (user_id, permission_id);


--
-- TOC entry 4816 (class 2606 OID 25051)
-- Name: auth_user auth_user_username_key; Type: CONSTRAINT; Schema: public; Owner: -
--

ALTER TABLE ONLY public.auth_user
    ADD CONSTRAINT auth_user_username_key UNIQUE (username);


--
-- TOC entry 4831 (class 2606 OID 25037)
-- Name: django_admin_log django_admin_log_pkey; Type: CONSTRAINT; Schema: public; Owner: -
--

ALTER TABLE ONLY public.django_admin_log
    ADD CONSTRAINT django_admin_log_pkey PRIMARY KEY (id);


--
-- TOC entry 4793 (class 2606 OID 24936)
-- Name: django_content_type django_content_type_app_label_model_76bd3d3b_uniq; Type: CONSTRAINT; Schema: public; Owner: -
--

ALTER TABLE ONLY public.django_content_type
    ADD CONSTRAINT django_content_type_app_label_model_76bd3d3b_uniq UNIQUE (app_label, model);


--
-- TOC entry 4795 (class 2606 OID 24934)
-- Name: django_content_type django_content_type_pkey; Type: CONSTRAINT; Schema: public; Owner: -
--

ALTER TABLE ONLY public.django_content_type
    ADD CONSTRAINT django_content_type_pkey PRIMARY KEY (id);


--
-- TOC entry 4791 (class 2606 OID 24928)
-- Name: django_migrations django_migrations_pkey; Type: CONSTRAINT; Schema: public; Owner: -
--

ALTER TABLE ONLY public.django_migrations
    ADD CONSTRAINT django_migrations_pkey PRIMARY KEY (id);


--
-- TOC entry 4835 (class 2606 OID 25064)
-- Name: django_session django_session_pkey; Type: CONSTRAINT; Schema: public; Owner: -
--

ALTER TABLE ONLY public.django_session
    ADD CONSTRAINT django_session_pkey PRIMARY KEY (session_key);


--
-- TOC entry 4853 (class 2606 OID 78260)
-- Name: videogames_register_copy videogames_register_copy_pkey; Type: CONSTRAINT; Schema: public; Owner: -
--

ALTER TABLE ONLY public.videogames_register_copy
    ADD CONSTRAINT videogames_register_copy_pkey PRIMARY KEY (id);


--
-- TOC entry 4856 (class 2606 OID 78262)
-- Name: videogames_register_copy videogames_register_copy_serial_number_key; Type: CONSTRAINT; Schema: public; Owner: -
--

ALTER TABLE ONLY public.videogames_register_copy
    ADD CONSTRAINT videogames_register_copy_serial_number_key UNIQUE (serial_number);


--
-- TOC entry 4850 (class 2606 OID 78254)
-- Name: videogames_register_developer videogames_register_developer_pkey; Type: CONSTRAINT; Schema: public; Owner: -
--

ALTER TABLE ONLY public.videogames_register_developer
    ADD CONSTRAINT videogames_register_developer_pkey PRIMARY KEY (id);


--
-- TOC entry 4838 (class 2606 OID 25072)
-- Name: videogames_register_genre videogames_register_genre_pkey; Type: CONSTRAINT; Schema: public; Owner: -
--

ALTER TABLE ONLY public.videogames_register_genre
    ADD CONSTRAINT videogames_register_genre_pkey PRIMARY KEY (id);


--
-- TOC entry 4859 (class 2606 OID 78270)
-- Name: videogames_register_review videogames_register_review_pkey; Type: CONSTRAINT; Schema: public; Owner: -
--

ALTER TABLE ONLY public.videogames_register_review
    ADD CONSTRAINT videogames_register_review_pkey PRIMARY KEY (id);


--
-- TOC entry 4862 (class 2606 OID 78276)
-- Name: videogames_register_userprofile videogames_register_userprofile_pkey; Type: CONSTRAINT; Schema: public; Owner: -
--

ALTER TABLE ONLY public.videogames_register_userprofile
    ADD CONSTRAINT videogames_register_userprofile_pkey PRIMARY KEY (id);


--
-- TOC entry 4864 (class 2606 OID 78278)
-- Name: videogames_register_userprofile videogames_register_userprofile_user_id_key; Type: CONSTRAINT; Schema: public; Owner: -
--

ALTER TABLE ONLY public.videogames_register_userprofile
    ADD CONSTRAINT videogames_register_userprofile_user_id_key UNIQUE (user_id);


--
-- TOC entry 4846 (class 2606 OID 25090)
-- Name: videogames_register_videogame videogames_register_videogame_pkey; Type: CONSTRAINT; Schema: public; Owner: -
--

ALTER TABLE ONLY public.videogames_register_videogame
    ADD CONSTRAINT videogames_register_videogame_pkey PRIMARY KEY (id);


--
-- TOC entry 4801 (class 1259 OID 25057)
-- Name: auth_group_name_a6ea08ec_like; Type: INDEX; Schema: public; Owner: -
--

CREATE INDEX auth_group_name_a6ea08ec_like ON public.auth_group USING btree (name varchar_pattern_ops);


--
-- TOC entry 4806 (class 1259 OID 24998)
-- Name: auth_group_permissions_group_id_b120cbf9; Type: INDEX; Schema: public; Owner: -
--

CREATE INDEX auth_group_permissions_group_id_b120cbf9 ON public.auth_group_permissions USING btree (group_id);


--
-- TOC entry 4809 (class 1259 OID 24999)
-- Name: auth_group_permissions_permission_id_84c5c92e; Type: INDEX; Schema: public; Owner: -
--

CREATE INDEX auth_group_permissions_permission_id_84c5c92e ON public.auth_group_permissions USING btree (permission_id);


--
-- TOC entry 4796 (class 1259 OID 24984)
-- Name: auth_permission_content_type_id_2f476e4b; Type: INDEX; Schema: public; Owner: -
--

CREATE INDEX auth_permission_content_type_id_2f476e4b ON public.auth_permission USING btree (content_type_id);


--
-- TOC entry 4817 (class 1259 OID 25014)
-- Name: auth_user_groups_group_id_97559544; Type: INDEX; Schema: public; Owner: -
--

CREATE INDEX auth_user_groups_group_id_97559544 ON public.auth_user_groups USING btree (group_id);


--
-- TOC entry 4820 (class 1259 OID 25013)
-- Name: auth_user_groups_user_id_6a12ed8b; Type: INDEX; Schema: public; Owner: -
--

CREATE INDEX auth_user_groups_user_id_6a12ed8b ON public.auth_user_groups USING btree (user_id);


--
-- TOC entry 4823 (class 1259 OID 25028)
-- Name: auth_user_user_permissions_permission_id_1fbb5f2c; Type: INDEX; Schema: public; Owner: -
--

CREATE INDEX auth_user_user_permissions_permission_id_1fbb5f2c ON public.auth_user_user_permissions USING btree (permission_id);


--
-- TOC entry 4826 (class 1259 OID 25027)
-- Name: auth_user_user_permissions_user_id_a95ead1b; Type: INDEX; Schema: public; Owner: -
--

CREATE INDEX auth_user_user_permissions_user_id_a95ead1b ON public.auth_user_user_permissions USING btree (user_id);


--
-- TOC entry 4814 (class 1259 OID 25052)
-- Name: auth_user_username_6821ab7c_like; Type: INDEX; Schema: public; Owner: -
--

CREATE INDEX auth_user_username_6821ab7c_like ON public.auth_user USING btree (username varchar_pattern_ops);


--
-- TOC entry 4829 (class 1259 OID 25048)
-- Name: django_admin_log_content_type_id_c4bce8eb; Type: INDEX; Schema: public; Owner: -
--

CREATE INDEX django_admin_log_content_type_id_c4bce8eb ON public.django_admin_log USING btree (content_type_id);


--
-- TOC entry 4832 (class 1259 OID 25049)
-- Name: django_admin_log_user_id_c564eba6; Type: INDEX; Schema: public; Owner: -
--

CREATE INDEX django_admin_log_user_id_c564eba6 ON public.django_admin_log USING btree (user_id);


--
-- TOC entry 4833 (class 1259 OID 25066)
-- Name: django_session_expire_date_a5c62663; Type: INDEX; Schema: public; Owner: -
--

CREATE INDEX django_session_expire_date_a5c62663 ON public.django_session USING btree (expire_date);


--
-- TOC entry 4836 (class 1259 OID 25065)
-- Name: django_session_session_key_c0390e0f_like; Type: INDEX; Schema: public; Owner: -
--

CREATE INDEX django_session_session_key_c0390e0f_like ON public.django_session USING btree (session_key varchar_pattern_ops);


--
-- TOC entry 4839 (class 1259 OID 78304)
-- Name: idx_description_tsvector; Type: INDEX; Schema: public; Owner: -
--

CREATE INDEX idx_description_tsvector ON public.videogames_register_videogame USING gin (to_tsvector('english'::regconfig, (description)::text));


--
-- TOC entry 4840 (class 1259 OID 78241)
-- Name: idx_genre_id; Type: INDEX; Schema: public; Owner: -
--

CREATE INDEX idx_genre_id ON public.videogames_register_videogame USING btree (genre_id);


--
-- TOC entry 4841 (class 1259 OID 78243)
-- Name: idx_release_date; Type: INDEX; Schema: public; Owner: -
--

CREATE INDEX idx_release_date ON public.videogames_register_videogame USING btree (release_date);


--
-- TOC entry 4842 (class 1259 OID 78245)
-- Name: idx_release_date_desc; Type: INDEX; Schema: public; Owner: -
--

CREATE INDEX idx_release_date_desc ON public.videogames_register_videogame USING btree (release_date DESC);


--
-- TOC entry 4843 (class 1259 OID 78305)
-- Name: idx_title_lower; Type: INDEX; Schema: public; Owner: -
--

CREATE INDEX idx_title_lower ON public.videogames_register_videogame USING btree (lower((title)::text));


--
-- TOC entry 4851 (class 1259 OID 78285)
-- Name: videogames_register_copy_game_id_5a92a440; Type: INDEX; Schema: public; Owner: -
--

CREATE INDEX videogames_register_copy_game_id_5a92a440 ON public.videogames_register_copy USING btree (game_id);


--
-- TOC entry 4854 (class 1259 OID 78284)
-- Name: videogames_register_copy_serial_number_1764b32f_like; Type: INDEX; Schema: public; Owner: -
--

CREATE INDEX videogames_register_copy_serial_number_1764b32f_like ON public.videogames_register_copy USING btree (serial_number varchar_pattern_ops);


--
-- TOC entry 4857 (class 1259 OID 78296)
-- Name: videogames_register_review_game_id_cf27d4f2; Type: INDEX; Schema: public; Owner: -
--

CREATE INDEX videogames_register_review_game_id_cf27d4f2 ON public.videogames_register_review USING btree (game_id);


--
-- TOC entry 4860 (class 1259 OID 78297)
-- Name: videogames_register_review_user_id_cb3af82d; Type: INDEX; Schema: public; Owner: -
--

CREATE INDEX videogames_register_review_user_id_cb3af82d ON public.videogames_register_review USING btree (user_id);


--
-- TOC entry 4844 (class 1259 OID 25096)
-- Name: videogames_register_videogame_genre_id_60bdafb6; Type: INDEX; Schema: public; Owner: -
--

CREATE INDEX videogames_register_videogame_genre_id_60bdafb6 ON public.videogames_register_videogame USING btree (genre_id);


--
-- TOC entry 4880 (class 2620 OID 78247)
-- Name: videogames_register_genre trg_audit_genre; Type: TRIGGER; Schema: public; Owner: -
--

CREATE TRIGGER trg_audit_genre AFTER INSERT OR DELETE OR UPDATE ON public.videogames_register_genre FOR EACH ROW EXECUTE FUNCTION public.audit_if_modified();


--
-- TOC entry 4879 (class 2620 OID 78248)
-- Name: auth_user trg_audit_user; Type: TRIGGER; Schema: public; Owner: -
--

CREATE TRIGGER trg_audit_user AFTER INSERT OR DELETE OR UPDATE ON public.auth_user FOR EACH ROW EXECUTE FUNCTION public.audit_if_modified();


--
-- TOC entry 4881 (class 2620 OID 78227)
-- Name: videogames_register_videogame trg_audit_videogame; Type: TRIGGER; Schema: public; Owner: -
--

CREATE TRIGGER trg_audit_videogame AFTER INSERT OR DELETE OR UPDATE ON public.videogames_register_videogame FOR EACH ROW EXECUTE FUNCTION public.audit_if_modified();


--
-- TOC entry 4866 (class 2606 OID 24993)
-- Name: auth_group_permissions auth_group_permissio_permission_id_84c5c92e_fk_auth_perm; Type: FK CONSTRAINT; Schema: public; Owner: -
--

ALTER TABLE ONLY public.auth_group_permissions
    ADD CONSTRAINT auth_group_permissio_permission_id_84c5c92e_fk_auth_perm FOREIGN KEY (permission_id) REFERENCES public.auth_permission(id) DEFERRABLE INITIALLY DEFERRED;


--
-- TOC entry 4867 (class 2606 OID 24988)
-- Name: auth_group_permissions auth_group_permissions_group_id_b120cbf9_fk_auth_group_id; Type: FK CONSTRAINT; Schema: public; Owner: -
--

ALTER TABLE ONLY public.auth_group_permissions
    ADD CONSTRAINT auth_group_permissions_group_id_b120cbf9_fk_auth_group_id FOREIGN KEY (group_id) REFERENCES public.auth_group(id) DEFERRABLE INITIALLY DEFERRED;


--
-- TOC entry 4865 (class 2606 OID 24979)
-- Name: auth_permission auth_permission_content_type_id_2f476e4b_fk_django_co; Type: FK CONSTRAINT; Schema: public; Owner: -
--

ALTER TABLE ONLY public.auth_permission
    ADD CONSTRAINT auth_permission_content_type_id_2f476e4b_fk_django_co FOREIGN KEY (content_type_id) REFERENCES public.django_content_type(id) DEFERRABLE INITIALLY DEFERRED;


--
-- TOC entry 4868 (class 2606 OID 25008)
-- Name: auth_user_groups auth_user_groups_group_id_97559544_fk_auth_group_id; Type: FK CONSTRAINT; Schema: public; Owner: -
--

ALTER TABLE ONLY public.auth_user_groups
    ADD CONSTRAINT auth_user_groups_group_id_97559544_fk_auth_group_id FOREIGN KEY (group_id) REFERENCES public.auth_group(id) DEFERRABLE INITIALLY DEFERRED;


--
-- TOC entry 4869 (class 2606 OID 25003)
-- Name: auth_user_groups auth_user_groups_user_id_6a12ed8b_fk_auth_user_id; Type: FK CONSTRAINT; Schema: public; Owner: -
--

ALTER TABLE ONLY public.auth_user_groups
    ADD CONSTRAINT auth_user_groups_user_id_6a12ed8b_fk_auth_user_id FOREIGN KEY (user_id) REFERENCES public.auth_user(id) DEFERRABLE INITIALLY DEFERRED;


--
-- TOC entry 4870 (class 2606 OID 25022)
-- Name: auth_user_user_permissions auth_user_user_permi_permission_id_1fbb5f2c_fk_auth_perm; Type: FK CONSTRAINT; Schema: public; Owner: -
--

ALTER TABLE ONLY public.auth_user_user_permissions
    ADD CONSTRAINT auth_user_user_permi_permission_id_1fbb5f2c_fk_auth_perm FOREIGN KEY (permission_id) REFERENCES public.auth_permission(id) DEFERRABLE INITIALLY DEFERRED;


--
-- TOC entry 4871 (class 2606 OID 25017)
-- Name: auth_user_user_permissions auth_user_user_permissions_user_id_a95ead1b_fk_auth_user_id; Type: FK CONSTRAINT; Schema: public; Owner: -
--

ALTER TABLE ONLY public.auth_user_user_permissions
    ADD CONSTRAINT auth_user_user_permissions_user_id_a95ead1b_fk_auth_user_id FOREIGN KEY (user_id) REFERENCES public.auth_user(id) DEFERRABLE INITIALLY DEFERRED;


--
-- TOC entry 4872 (class 2606 OID 25038)
-- Name: django_admin_log django_admin_log_content_type_id_c4bce8eb_fk_django_co; Type: FK CONSTRAINT; Schema: public; Owner: -
--

ALTER TABLE ONLY public.django_admin_log
    ADD CONSTRAINT django_admin_log_content_type_id_c4bce8eb_fk_django_co FOREIGN KEY (content_type_id) REFERENCES public.django_content_type(id) DEFERRABLE INITIALLY DEFERRED;


--
-- TOC entry 4873 (class 2606 OID 25043)
-- Name: django_admin_log django_admin_log_user_id_c564eba6_fk_auth_user_id; Type: FK CONSTRAINT; Schema: public; Owner: -
--

ALTER TABLE ONLY public.django_admin_log
    ADD CONSTRAINT django_admin_log_user_id_c564eba6_fk_auth_user_id FOREIGN KEY (user_id) REFERENCES public.auth_user(id) DEFERRABLE INITIALLY DEFERRED;


--
-- TOC entry 4875 (class 2606 OID 78279)
-- Name: videogames_register_copy videogames_register__game_id_5a92a440_fk_videogame; Type: FK CONSTRAINT; Schema: public; Owner: -
--

ALTER TABLE ONLY public.videogames_register_copy
    ADD CONSTRAINT videogames_register__game_id_5a92a440_fk_videogame FOREIGN KEY (game_id) REFERENCES public.videogames_register_videogame(id) DEFERRABLE INITIALLY DEFERRED;


--
-- TOC entry 4876 (class 2606 OID 78286)
-- Name: videogames_register_review videogames_register__game_id_cf27d4f2_fk_videogame; Type: FK CONSTRAINT; Schema: public; Owner: -
--

ALTER TABLE ONLY public.videogames_register_review
    ADD CONSTRAINT videogames_register__game_id_cf27d4f2_fk_videogame FOREIGN KEY (game_id) REFERENCES public.videogames_register_videogame(id) DEFERRABLE INITIALLY DEFERRED;


--
-- TOC entry 4874 (class 2606 OID 25091)
-- Name: videogames_register_videogame videogames_register__genre_id_60bdafb6_fk_videogame; Type: FK CONSTRAINT; Schema: public; Owner: -
--

ALTER TABLE ONLY public.videogames_register_videogame
    ADD CONSTRAINT videogames_register__genre_id_60bdafb6_fk_videogame FOREIGN KEY (genre_id) REFERENCES public.videogames_register_genre(id) DEFERRABLE INITIALLY DEFERRED;


--
-- TOC entry 4878 (class 2606 OID 78298)
-- Name: videogames_register_userprofile videogames_register__user_id_04e3a680_fk_auth_user; Type: FK CONSTRAINT; Schema: public; Owner: -
--

ALTER TABLE ONLY public.videogames_register_userprofile
    ADD CONSTRAINT videogames_register__user_id_04e3a680_fk_auth_user FOREIGN KEY (user_id) REFERENCES public.auth_user(id) DEFERRABLE INITIALLY DEFERRED;


--
-- TOC entry 4877 (class 2606 OID 78291)
-- Name: videogames_register_review videogames_register_review_user_id_cb3af82d_fk_auth_user_id; Type: FK CONSTRAINT; Schema: public; Owner: -
--

ALTER TABLE ONLY public.videogames_register_review
    ADD CONSTRAINT videogames_register_review_user_id_cb3af82d_fk_auth_user_id FOREIGN KEY (user_id) REFERENCES public.auth_user(id) DEFERRABLE INITIALLY DEFERRED;


--
-- TOC entry 5067 (class 0 OID 0)
-- Dependencies: 7
-- Name: SCHEMA analytics; Type: ACL; Schema: -; Owner: -
--

GRANT USAGE ON SCHEMA analytics TO backup_role;


--
-- TOC entry 5068 (class 0 OID 0)
-- Dependencies: 6
-- Name: SCHEMA audit; Type: ACL; Schema: -; Owner: -
--

GRANT USAGE ON SCHEMA audit TO app_writer;
GRANT USAGE ON SCHEMA audit TO backup_role;


--
-- TOC entry 5069 (class 0 OID 0)
-- Dependencies: 5
-- Name: SCHEMA public; Type: ACL; Schema: -; Owner: -
--

GRANT USAGE ON SCHEMA public TO backup_role;


--
-- TOC entry 5070 (class 0 OID 0)
-- Dependencies: 241
-- Name: TABLE videogames_register_videogame; Type: ACL; Schema: public; Owner: -
--

GRANT SELECT ON TABLE public.videogames_register_videogame TO app_reader;
GRANT SELECT,INSERT,DELETE,UPDATE ON TABLE public.videogames_register_videogame TO app_writer;
GRANT SELECT ON TABLE public.videogames_register_videogame TO backup_role;


--
-- TOC entry 5071 (class 0 OID 0)
-- Dependencies: 244
-- Name: TABLE cumulative_releases; Type: ACL; Schema: analytics; Owner: -
--

GRANT SELECT ON TABLE analytics.cumulative_releases TO report_user;
GRANT SELECT ON TABLE analytics.cumulative_releases TO backup_role;


--
-- TOC entry 5072 (class 0 OID 0)
-- Dependencies: 243
-- Name: TABLE audit_log; Type: ACL; Schema: audit; Owner: -
--

GRANT INSERT ON TABLE audit.audit_log TO app_writer;
GRANT SELECT ON TABLE audit.audit_log TO auditor;
GRANT SELECT ON TABLE audit.audit_log TO backup_role;


--
-- TOC entry 5074 (class 0 OID 0)
-- Dependencies: 242
-- Name: SEQUENCE audit_log_id_seq; Type: ACL; Schema: audit; Owner: -
--

GRANT SELECT,USAGE ON SEQUENCE audit.audit_log_id_seq TO app_writer;
GRANT SELECT ON SEQUENCE audit.audit_log_id_seq TO backup_role;


--
-- TOC entry 5075 (class 0 OID 0)
-- Dependencies: 226
-- Name: TABLE auth_group; Type: ACL; Schema: public; Owner: -
--

GRANT SELECT ON TABLE public.auth_group TO app_reader;
GRANT SELECT,INSERT,DELETE,UPDATE ON TABLE public.auth_group TO app_writer;
GRANT SELECT ON TABLE public.auth_group TO backup_role;


--
-- TOC entry 5076 (class 0 OID 0)
-- Dependencies: 225
-- Name: SEQUENCE auth_group_id_seq; Type: ACL; Schema: public; Owner: -
--

GRANT SELECT ON SEQUENCE public.auth_group_id_seq TO backup_role;


--
-- TOC entry 5077 (class 0 OID 0)
-- Dependencies: 228
-- Name: TABLE auth_group_permissions; Type: ACL; Schema: public; Owner: -
--

GRANT SELECT ON TABLE public.auth_group_permissions TO app_reader;
GRANT SELECT,INSERT,DELETE,UPDATE ON TABLE public.auth_group_permissions TO app_writer;
GRANT SELECT ON TABLE public.auth_group_permissions TO backup_role;


--
-- TOC entry 5078 (class 0 OID 0)
-- Dependencies: 227
-- Name: SEQUENCE auth_group_permissions_id_seq; Type: ACL; Schema: public; Owner: -
--

GRANT SELECT ON SEQUENCE public.auth_group_permissions_id_seq TO backup_role;


--
-- TOC entry 5079 (class 0 OID 0)
-- Dependencies: 224
-- Name: TABLE auth_permission; Type: ACL; Schema: public; Owner: -
--

GRANT SELECT ON TABLE public.auth_permission TO app_reader;
GRANT SELECT,INSERT,DELETE,UPDATE ON TABLE public.auth_permission TO app_writer;
GRANT SELECT ON TABLE public.auth_permission TO backup_role;


--
-- TOC entry 5080 (class 0 OID 0)
-- Dependencies: 223
-- Name: SEQUENCE auth_permission_id_seq; Type: ACL; Schema: public; Owner: -
--

GRANT SELECT ON SEQUENCE public.auth_permission_id_seq TO backup_role;


--
-- TOC entry 5081 (class 0 OID 0)
-- Dependencies: 230
-- Name: TABLE auth_user; Type: ACL; Schema: public; Owner: -
--

GRANT SELECT ON TABLE public.auth_user TO app_reader;
GRANT SELECT,INSERT,DELETE,UPDATE ON TABLE public.auth_user TO app_writer;
GRANT SELECT ON TABLE public.auth_user TO backup_role;


--
-- TOC entry 5082 (class 0 OID 0)
-- Dependencies: 232
-- Name: TABLE auth_user_groups; Type: ACL; Schema: public; Owner: -
--

GRANT SELECT ON TABLE public.auth_user_groups TO app_reader;
GRANT SELECT,INSERT,DELETE,UPDATE ON TABLE public.auth_user_groups TO app_writer;
GRANT SELECT ON TABLE public.auth_user_groups TO backup_role;


--
-- TOC entry 5083 (class 0 OID 0)
-- Dependencies: 231
-- Name: SEQUENCE auth_user_groups_id_seq; Type: ACL; Schema: public; Owner: -
--

GRANT SELECT ON SEQUENCE public.auth_user_groups_id_seq TO backup_role;


--
-- TOC entry 5084 (class 0 OID 0)
-- Dependencies: 229
-- Name: SEQUENCE auth_user_id_seq; Type: ACL; Schema: public; Owner: -
--

GRANT SELECT ON SEQUENCE public.auth_user_id_seq TO backup_role;


--
-- TOC entry 5085 (class 0 OID 0)
-- Dependencies: 234
-- Name: TABLE auth_user_user_permissions; Type: ACL; Schema: public; Owner: -
--

GRANT SELECT ON TABLE public.auth_user_user_permissions TO app_reader;
GRANT SELECT,INSERT,DELETE,UPDATE ON TABLE public.auth_user_user_permissions TO app_writer;
GRANT SELECT ON TABLE public.auth_user_user_permissions TO backup_role;


--
-- TOC entry 5086 (class 0 OID 0)
-- Dependencies: 233
-- Name: SEQUENCE auth_user_user_permissions_id_seq; Type: ACL; Schema: public; Owner: -
--

GRANT SELECT ON SEQUENCE public.auth_user_user_permissions_id_seq TO backup_role;


--
-- TOC entry 5087 (class 0 OID 0)
-- Dependencies: 236
-- Name: TABLE django_admin_log; Type: ACL; Schema: public; Owner: -
--

GRANT SELECT ON TABLE public.django_admin_log TO app_reader;
GRANT SELECT,INSERT,DELETE,UPDATE ON TABLE public.django_admin_log TO app_writer;
GRANT SELECT ON TABLE public.django_admin_log TO backup_role;


--
-- TOC entry 5088 (class 0 OID 0)
-- Dependencies: 235
-- Name: SEQUENCE django_admin_log_id_seq; Type: ACL; Schema: public; Owner: -
--

GRANT SELECT ON SEQUENCE public.django_admin_log_id_seq TO backup_role;


--
-- TOC entry 5089 (class 0 OID 0)
-- Dependencies: 222
-- Name: TABLE django_content_type; Type: ACL; Schema: public; Owner: -
--

GRANT SELECT ON TABLE public.django_content_type TO app_reader;
GRANT SELECT,INSERT,DELETE,UPDATE ON TABLE public.django_content_type TO app_writer;
GRANT SELECT ON TABLE public.django_content_type TO backup_role;


--
-- TOC entry 5090 (class 0 OID 0)
-- Dependencies: 221
-- Name: SEQUENCE django_content_type_id_seq; Type: ACL; Schema: public; Owner: -
--

GRANT SELECT ON SEQUENCE public.django_content_type_id_seq TO backup_role;


--
-- TOC entry 5091 (class 0 OID 0)
-- Dependencies: 220
-- Name: TABLE django_migrations; Type: ACL; Schema: public; Owner: -
--

GRANT SELECT ON TABLE public.django_migrations TO app_reader;
GRANT SELECT,INSERT,DELETE,UPDATE ON TABLE public.django_migrations TO app_writer;
GRANT SELECT ON TABLE public.django_migrations TO backup_role;


--
-- TOC entry 5092 (class 0 OID 0)
-- Dependencies: 219
-- Name: SEQUENCE django_migrations_id_seq; Type: ACL; Schema: public; Owner: -
--

GRANT SELECT ON SEQUENCE public.django_migrations_id_seq TO backup_role;


--
-- TOC entry 5093 (class 0 OID 0)
-- Dependencies: 237
-- Name: TABLE django_session; Type: ACL; Schema: public; Owner: -
--

GRANT SELECT ON TABLE public.django_session TO app_reader;
GRANT SELECT,INSERT,DELETE,UPDATE ON TABLE public.django_session TO app_writer;
GRANT SELECT ON TABLE public.django_session TO backup_role;


--
-- TOC entry 5094 (class 0 OID 0)
-- Dependencies: 248
-- Name: TABLE videogames_register_copy; Type: ACL; Schema: public; Owner: -
--

GRANT SELECT,INSERT,DELETE,UPDATE ON TABLE public.videogames_register_copy TO app_writer;
GRANT SELECT ON TABLE public.videogames_register_copy TO app_reader;
GRANT SELECT ON TABLE public.videogames_register_copy TO backup_role;


--
-- TOC entry 5095 (class 0 OID 0)
-- Dependencies: 247
-- Name: SEQUENCE videogames_register_copy_id_seq; Type: ACL; Schema: public; Owner: -
--

GRANT SELECT ON SEQUENCE public.videogames_register_copy_id_seq TO backup_role;


--
-- TOC entry 5096 (class 0 OID 0)
-- Dependencies: 246
-- Name: TABLE videogames_register_developer; Type: ACL; Schema: public; Owner: -
--

GRANT SELECT,INSERT,DELETE,UPDATE ON TABLE public.videogames_register_developer TO app_writer;
GRANT SELECT ON TABLE public.videogames_register_developer TO app_reader;
GRANT SELECT ON TABLE public.videogames_register_developer TO backup_role;


--
-- TOC entry 5097 (class 0 OID 0)
-- Dependencies: 245
-- Name: SEQUENCE videogames_register_developer_id_seq; Type: ACL; Schema: public; Owner: -
--

GRANT SELECT ON SEQUENCE public.videogames_register_developer_id_seq TO backup_role;


--
-- TOC entry 5098 (class 0 OID 0)
-- Dependencies: 239
-- Name: TABLE videogames_register_genre; Type: ACL; Schema: public; Owner: -
--

GRANT SELECT ON TABLE public.videogames_register_genre TO app_reader;
GRANT SELECT,INSERT,DELETE,UPDATE ON TABLE public.videogames_register_genre TO app_writer;
GRANT SELECT ON TABLE public.videogames_register_genre TO backup_role;


--
-- TOC entry 5099 (class 0 OID 0)
-- Dependencies: 238
-- Name: SEQUENCE videogames_register_genre_id_seq; Type: ACL; Schema: public; Owner: -
--

GRANT SELECT ON SEQUENCE public.videogames_register_genre_id_seq TO backup_role;


--
-- TOC entry 5100 (class 0 OID 0)
-- Dependencies: 250
-- Name: TABLE videogames_register_review; Type: ACL; Schema: public; Owner: -
--

GRANT SELECT,INSERT,DELETE,UPDATE ON TABLE public.videogames_register_review TO app_writer;
GRANT SELECT ON TABLE public.videogames_register_review TO app_reader;
GRANT SELECT ON TABLE public.videogames_register_review TO backup_role;


--
-- TOC entry 5101 (class 0 OID 0)
-- Dependencies: 249
-- Name: SEQUENCE videogames_register_review_id_seq; Type: ACL; Schema: public; Owner: -
--

GRANT SELECT ON SEQUENCE public.videogames_register_review_id_seq TO backup_role;


--
-- TOC entry 5102 (class 0 OID 0)
-- Dependencies: 252
-- Name: TABLE videogames_register_userprofile; Type: ACL; Schema: public; Owner: -
--

GRANT SELECT,INSERT,DELETE,UPDATE ON TABLE public.videogames_register_userprofile TO app_writer;
GRANT SELECT ON TABLE public.videogames_register_userprofile TO app_reader;
GRANT SELECT ON TABLE public.videogames_register_userprofile TO backup_role;


--
-- TOC entry 5103 (class 0 OID 0)
-- Dependencies: 251
-- Name: SEQUENCE videogames_register_userprofile_id_seq; Type: ACL; Schema: public; Owner: -
--

GRANT SELECT ON SEQUENCE public.videogames_register_userprofile_id_seq TO backup_role;


--
-- TOC entry 5104 (class 0 OID 0)
-- Dependencies: 240
-- Name: SEQUENCE videogames_register_videogame_id_seq; Type: ACL; Schema: public; Owner: -
--

GRANT SELECT ON SEQUENCE public.videogames_register_videogame_id_seq TO backup_role;


--
-- TOC entry 2135 (class 826 OID 78325)
-- Name: DEFAULT PRIVILEGES FOR SEQUENCES; Type: DEFAULT ACL; Schema: analytics; Owner: -
--

ALTER DEFAULT PRIVILEGES FOR ROLE postgres IN SCHEMA analytics GRANT SELECT ON SEQUENCES TO backup_role;


--
-- TOC entry 2132 (class 826 OID 78322)
-- Name: DEFAULT PRIVILEGES FOR TABLES; Type: DEFAULT ACL; Schema: analytics; Owner: -
--

ALTER DEFAULT PRIVILEGES FOR ROLE postgres IN SCHEMA analytics GRANT SELECT ON TABLES TO backup_role;


--
-- TOC entry 2134 (class 826 OID 78324)
-- Name: DEFAULT PRIVILEGES FOR SEQUENCES; Type: DEFAULT ACL; Schema: audit; Owner: -
--

ALTER DEFAULT PRIVILEGES FOR ROLE postgres IN SCHEMA audit GRANT SELECT ON SEQUENCES TO backup_role;


--
-- TOC entry 2131 (class 826 OID 78321)
-- Name: DEFAULT PRIVILEGES FOR TABLES; Type: DEFAULT ACL; Schema: audit; Owner: -
--

ALTER DEFAULT PRIVILEGES FOR ROLE postgres IN SCHEMA audit GRANT SELECT ON TABLES TO backup_role;


--
-- TOC entry 2133 (class 826 OID 78323)
-- Name: DEFAULT PRIVILEGES FOR SEQUENCES; Type: DEFAULT ACL; Schema: public; Owner: -
--

ALTER DEFAULT PRIVILEGES FOR ROLE postgres IN SCHEMA public GRANT SELECT ON SEQUENCES TO backup_role;


--
-- TOC entry 2130 (class 826 OID 78319)
-- Name: DEFAULT PRIVILEGES FOR TABLES; Type: DEFAULT ACL; Schema: public; Owner: -
--

ALTER DEFAULT PRIVILEGES FOR ROLE postgres IN SCHEMA public GRANT SELECT,INSERT,DELETE,UPDATE ON TABLES TO app_writer;
ALTER DEFAULT PRIVILEGES FOR ROLE postgres IN SCHEMA public GRANT SELECT ON TABLES TO backup_role;


--
-- TOC entry 5053 (class 0 OID 78228)
-- Dependencies: 244 5063
-- Name: cumulative_releases; Type: MATERIALIZED VIEW DATA; Schema: analytics; Owner: -
--

REFRESH MATERIALIZED VIEW analytics.cumulative_releases;


-- Completed on 2025-05-11 15:48:20

--
-- PostgreSQL database dump complete
--

