--
-- PostgreSQL database dump
--

-- Dumped from database version 17.0
-- Dumped by pg_dump version 17.0

SET statement_timeout = 0;
SET lock_timeout = 0;
SET idle_in_transaction_session_timeout = 0;
SET transaction_timeout = 0;
SET client_encoding = 'UTF8';
SET standard_conforming_strings = on;
SELECT pg_catalog.set_config('search_path', '', false);
SET check_function_bodies = false;
SET xmloption = content;
SET client_min_messages = warning;
SET row_security = off;

--
-- Name: analytics; Type: SCHEMA; Schema: -; Owner: postgres
--

CREATE SCHEMA analytics;


ALTER SCHEMA analytics OWNER TO postgres;

--
-- Name: audit; Type: SCHEMA; Schema: -; Owner: postgres
--

CREATE SCHEMA audit;


ALTER SCHEMA audit OWNER TO postgres;

--
-- Name: audit_if_modified(); Type: FUNCTION; Schema: public; Owner: postgres
--

CREATE FUNCTION public.audit_if_modified() RETURNS trigger
    LANGUAGE plpgsql
    AS $$
BEGIN
    INSERT INTO audit.audit_log (table_name, action, changed_data, changed_by)
    VALUES (
        TG_TABLE_NAME,
        TG_OP,
        CASE
            WHEN TG_OP = 'DELETE' THEN row_to_json(OLD)
            ELSE row_to_json(NEW)
        END,
        current_user
    );
    RETURN NULL;
END;
$$;


ALTER FUNCTION public.audit_if_modified() OWNER TO postgres;

SET default_tablespace = '';

SET default_table_access_method = heap;

--
-- Name: videogames_register_videogame; Type: TABLE; Schema: public; Owner: postgres
--

CREATE TABLE public.videogames_register_videogame (
    id bigint NOT NULL,
    title character varying(100) NOT NULL,
    release_date date NOT NULL,
    description character varying(100) NOT NULL,
    genre_id bigint NOT NULL
);


ALTER TABLE public.videogames_register_videogame OWNER TO postgres;

--
-- Name: cumulative_releases; Type: MATERIALIZED VIEW; Schema: analytics; Owner: postgres
--

CREATE MATERIALIZED VIEW analytics.cumulative_releases AS
 WITH yearly_counts AS (
         SELECT (EXTRACT(year FROM videogames_register_videogame.release_date))::integer AS year,
            count(*) AS games_this_year
           FROM public.videogames_register_videogame
          GROUP BY (EXTRACT(year FROM videogames_register_videogame.release_date))
        )
 SELECT year,
    games_this_year,
    sum(games_this_year) OVER (ORDER BY year) AS cumulative_total
   FROM yearly_counts
  ORDER BY year
  WITH NO DATA;


ALTER MATERIALIZED VIEW analytics.cumulative_releases OWNER TO postgres;

--
-- Name: audit_log; Type: TABLE; Schema: audit; Owner: postgres
--

CREATE TABLE audit.audit_log (
    id integer NOT NULL,
    table_name text,
    action text,
    changed_data jsonb,
    changed_at timestamp with time zone DEFAULT now(),
    changed_by text
);


ALTER TABLE audit.audit_log OWNER TO postgres;

--
-- Name: audit_log_id_seq; Type: SEQUENCE; Schema: audit; Owner: postgres
--

CREATE SEQUENCE audit.audit_log_id_seq
    AS integer
    START WITH 1
    INCREMENT BY 1
    NO MINVALUE
    NO MAXVALUE
    CACHE 1;


ALTER SEQUENCE audit.audit_log_id_seq OWNER TO postgres;

--
-- Name: audit_log_id_seq; Type: SEQUENCE OWNED BY; Schema: audit; Owner: postgres
--

ALTER SEQUENCE audit.audit_log_id_seq OWNED BY audit.audit_log.id;


--
-- Name: auth_group; Type: TABLE; Schema: public; Owner: postgres
--

CREATE TABLE public.auth_group (
    id integer NOT NULL,
    name character varying(150) NOT NULL
);


ALTER TABLE public.auth_group OWNER TO postgres;

--
-- Name: auth_group_id_seq; Type: SEQUENCE; Schema: public; Owner: postgres
--

ALTER TABLE public.auth_group ALTER COLUMN id ADD GENERATED BY DEFAULT AS IDENTITY (
    SEQUENCE NAME public.auth_group_id_seq
    START WITH 1
    INCREMENT BY 1
    NO MINVALUE
    NO MAXVALUE
    CACHE 1
);


--
-- Name: auth_group_permissions; Type: TABLE; Schema: public; Owner: postgres
--

CREATE TABLE public.auth_group_permissions (
    id bigint NOT NULL,
    group_id integer NOT NULL,
    permission_id integer NOT NULL
);


ALTER TABLE public.auth_group_permissions OWNER TO postgres;

--
-- Name: auth_group_permissions_id_seq; Type: SEQUENCE; Schema: public; Owner: postgres
--

ALTER TABLE public.auth_group_permissions ALTER COLUMN id ADD GENERATED BY DEFAULT AS IDENTITY (
    SEQUENCE NAME public.auth_group_permissions_id_seq
    START WITH 1
    INCREMENT BY 1
    NO MINVALUE
    NO MAXVALUE
    CACHE 1
);


--
-- Name: auth_permission; Type: TABLE; Schema: public; Owner: postgres
--

CREATE TABLE public.auth_permission (
    id integer NOT NULL,
    name character varying(255) NOT NULL,
    content_type_id integer NOT NULL,
    codename character varying(100) NOT NULL
);


ALTER TABLE public.auth_permission OWNER TO postgres;

--
-- Name: auth_permission_id_seq; Type: SEQUENCE; Schema: public; Owner: postgres
--

ALTER TABLE public.auth_permission ALTER COLUMN id ADD GENERATED BY DEFAULT AS IDENTITY (
    SEQUENCE NAME public.auth_permission_id_seq
    START WITH 1
    INCREMENT BY 1
    NO MINVALUE
    NO MAXVALUE
    CACHE 1
);


--
-- Name: auth_user; Type: TABLE; Schema: public; Owner: postgres
--

CREATE TABLE public.auth_user (
    id integer NOT NULL,
    password character varying(128) NOT NULL,
    last_login timestamp with time zone,
    is_superuser boolean NOT NULL,
    username character varying(150) NOT NULL,
    first_name character varying(150) NOT NULL,
    last_name character varying(150) NOT NULL,
    email character varying(254) NOT NULL,
    is_staff boolean NOT NULL,
    is_active boolean NOT NULL,
    date_joined timestamp with time zone NOT NULL
);


ALTER TABLE public.auth_user OWNER TO postgres;

--
-- Name: auth_user_groups; Type: TABLE; Schema: public; Owner: postgres
--

CREATE TABLE public.auth_user_groups (
    id bigint NOT NULL,
    user_id integer NOT NULL,
    group_id integer NOT NULL
);


ALTER TABLE public.auth_user_groups OWNER TO postgres;

--
-- Name: auth_user_groups_id_seq; Type: SEQUENCE; Schema: public; Owner: postgres
--

ALTER TABLE public.auth_user_groups ALTER COLUMN id ADD GENERATED BY DEFAULT AS IDENTITY (
    SEQUENCE NAME public.auth_user_groups_id_seq
    START WITH 1
    INCREMENT BY 1
    NO MINVALUE
    NO MAXVALUE
    CACHE 1
);


--
-- Name: auth_user_id_seq; Type: SEQUENCE; Schema: public; Owner: postgres
--

ALTER TABLE public.auth_user ALTER COLUMN id ADD GENERATED BY DEFAULT AS IDENTITY (
    SEQUENCE NAME public.auth_user_id_seq
    START WITH 1
    INCREMENT BY 1
    NO MINVALUE
    NO MAXVALUE
    CACHE 1
);


--
-- Name: auth_user_user_permissions; Type: TABLE; Schema: public; Owner: postgres
--

CREATE TABLE public.auth_user_user_permissions (
    id bigint NOT NULL,
    user_id integer NOT NULL,
    permission_id integer NOT NULL
);


ALTER TABLE public.auth_user_user_permissions OWNER TO postgres;

--
-- Name: auth_user_user_permissions_id_seq; Type: SEQUENCE; Schema: public; Owner: postgres
--

ALTER TABLE public.auth_user_user_permissions ALTER COLUMN id ADD GENERATED BY DEFAULT AS IDENTITY (
    SEQUENCE NAME public.auth_user_user_permissions_id_seq
    START WITH 1
    INCREMENT BY 1
    NO MINVALUE
    NO MAXVALUE
    CACHE 1
);


--
-- Name: django_admin_log; Type: TABLE; Schema: public; Owner: postgres
--

CREATE TABLE public.django_admin_log (
    id integer NOT NULL,
    action_time timestamp with time zone NOT NULL,
    object_id text,
    object_repr character varying(200) NOT NULL,
    action_flag smallint NOT NULL,
    change_message text NOT NULL,
    content_type_id integer,
    user_id integer NOT NULL,
    CONSTRAINT django_admin_log_action_flag_check CHECK ((action_flag >= 0))
);


ALTER TABLE public.django_admin_log OWNER TO postgres;

--
-- Name: django_admin_log_id_seq; Type: SEQUENCE; Schema: public; Owner: postgres
--

ALTER TABLE public.django_admin_log ALTER COLUMN id ADD GENERATED BY DEFAULT AS IDENTITY (
    SEQUENCE NAME public.django_admin_log_id_seq
    START WITH 1
    INCREMENT BY 1
    NO MINVALUE
    NO MAXVALUE
    CACHE 1
);


--
-- Name: django_content_type; Type: TABLE; Schema: public; Owner: postgres
--

CREATE TABLE public.django_content_type (
    id integer NOT NULL,
    app_label character varying(100) NOT NULL,
    model character varying(100) NOT NULL
);


ALTER TABLE public.django_content_type OWNER TO postgres;

--
-- Name: django_content_type_id_seq; Type: SEQUENCE; Schema: public; Owner: postgres
--

ALTER TABLE public.django_content_type ALTER COLUMN id ADD GENERATED BY DEFAULT AS IDENTITY (
    SEQUENCE NAME public.django_content_type_id_seq
    START WITH 1
    INCREMENT BY 1
    NO MINVALUE
    NO MAXVALUE
    CACHE 1
);


--
-- Name: django_migrations; Type: TABLE; Schema: public; Owner: postgres
--

CREATE TABLE public.django_migrations (
    id bigint NOT NULL,
    app character varying(255) NOT NULL,
    name character varying(255) NOT NULL,
    applied timestamp with time zone NOT NULL
);


ALTER TABLE public.django_migrations OWNER TO postgres;

--
-- Name: django_migrations_id_seq; Type: SEQUENCE; Schema: public; Owner: postgres
--

ALTER TABLE public.django_migrations ALTER COLUMN id ADD GENERATED BY DEFAULT AS IDENTITY (
    SEQUENCE NAME public.django_migrations_id_seq
    START WITH 1
    INCREMENT BY 1
    NO MINVALUE
    NO MAXVALUE
    CACHE 1
);


--
-- Name: django_session; Type: TABLE; Schema: public; Owner: postgres
--

CREATE TABLE public.django_session (
    session_key character varying(40) NOT NULL,
    session_data text NOT NULL,
    expire_date timestamp with time zone NOT NULL
);


ALTER TABLE public.django_session OWNER TO postgres;

--
-- Name: videogames_register_genre; Type: TABLE; Schema: public; Owner: postgres
--

CREATE TABLE public.videogames_register_genre (
    id bigint NOT NULL,
    title character varying(50) NOT NULL
);


ALTER TABLE public.videogames_register_genre OWNER TO postgres;

--
-- Name: videogames_register_genre_id_seq; Type: SEQUENCE; Schema: public; Owner: postgres
--

ALTER TABLE public.videogames_register_genre ALTER COLUMN id ADD GENERATED BY DEFAULT AS IDENTITY (
    SEQUENCE NAME public.videogames_register_genre_id_seq
    START WITH 1
    INCREMENT BY 1
    NO MINVALUE
    NO MAXVALUE
    CACHE 1
);


--
-- Name: videogames_register_videogame_id_seq; Type: SEQUENCE; Schema: public; Owner: postgres
--

ALTER TABLE public.videogames_register_videogame ALTER COLUMN id ADD GENERATED BY DEFAULT AS IDENTITY (
    SEQUENCE NAME public.videogames_register_videogame_id_seq
    START WITH 1
    INCREMENT BY 1
    NO MINVALUE
    NO MAXVALUE
    CACHE 1
);


--
-- Name: audit_log id; Type: DEFAULT; Schema: audit; Owner: postgres
--

ALTER TABLE ONLY audit.audit_log ALTER COLUMN id SET DEFAULT nextval('audit.audit_log_id_seq'::regclass);


--
-- Data for Name: audit_log; Type: TABLE DATA; Schema: audit; Owner: postgres
--

COPY audit.audit_log (id, table_name, action, changed_data, changed_at, changed_by) FROM stdin;
1	videogames_register_videogame	DELETE	{"id": 10, "title": "FIFA 27", "genre_id": 2, "description": "a sports game", "release_date": "2026-12-12"}	2025-05-02 17:18:36.541831+02	postgres
2	videogames_register_videogame	UPDATE	{"id": 11, "title": "PES 2019", "genre_id": 2, "description": "A football game.", "release_date": "2019-10-10"}	2025-05-02 17:20:18.232795+02	postgres
\.


--
-- Data for Name: auth_group; Type: TABLE DATA; Schema: public; Owner: postgres
--

COPY public.auth_group (id, name) FROM stdin;
2	Managers
1	Staff_member
3	Marco
\.


--
-- Data for Name: auth_group_permissions; Type: TABLE DATA; Schema: public; Owner: postgres
--

COPY public.auth_group_permissions (id, group_id, permission_id) FROM stdin;
1	1	33
2	1	28
4	2	33
5	2	34
6	2	35
7	2	36
8	2	28
9	3	33
10	3	34
11	3	35
12	3	36
13	3	25
14	3	26
15	3	27
16	3	28
17	1	36
18	3	1
19	3	2
20	3	3
21	3	4
22	3	5
23	3	6
24	3	7
25	3	8
26	3	9
27	3	10
28	3	11
29	3	12
30	3	13
31	3	14
32	3	15
33	3	16
34	3	17
35	3	18
36	3	19
37	3	20
38	3	21
39	3	22
40	3	23
41	3	24
42	3	29
43	3	30
44	3	31
45	3	32
\.


--
-- Data for Name: auth_permission; Type: TABLE DATA; Schema: public; Owner: postgres
--

COPY public.auth_permission (id, name, content_type_id, codename) FROM stdin;
1	Can add log entry	1	add_logentry
2	Can change log entry	1	change_logentry
3	Can delete log entry	1	delete_logentry
4	Can view log entry	1	view_logentry
5	Can add permission	2	add_permission
6	Can change permission	2	change_permission
7	Can delete permission	2	delete_permission
8	Can view permission	2	view_permission
9	Can add group	3	add_group
10	Can change group	3	change_group
11	Can delete group	3	delete_group
12	Can view group	3	view_group
13	Can add user	4	add_user
14	Can change user	4	change_user
15	Can delete user	4	delete_user
16	Can view user	4	view_user
17	Can add content type	5	add_contenttype
18	Can change content type	5	change_contenttype
19	Can delete content type	5	delete_contenttype
20	Can view content type	5	view_contenttype
21	Can add session	6	add_session
22	Can change session	6	change_session
23	Can delete session	6	delete_session
24	Can view session	6	view_session
25	Can add genre	7	add_genre
26	Can change genre	7	change_genre
27	Can delete genre	7	delete_genre
28	Can view genre	7	view_genre
29	Can add employee	8	add_employee
30	Can change employee	8	change_employee
31	Can delete employee	8	delete_employee
32	Can view employee	8	view_employee
33	Can add video game	9	add_videogame
34	Can change video game	9	change_videogame
35	Can delete video game	9	delete_videogame
36	Can view video game	9	view_videogame
\.


--
-- Data for Name: auth_user; Type: TABLE DATA; Schema: public; Owner: postgres
--

COPY public.auth_user (id, password, last_login, is_superuser, username, first_name, last_name, email, is_staff, is_active, date_joined) FROM stdin;
4	pbkdf2_sha256$870000$7bfowBvh3aZS5BjI1fhtTL$jhW77XTdpLxxl9MI3sbFxyRbYvapyhcJwr90zbmuOYM=	\N	f	user4				f	t	2024-10-27 17:37:52+01
5	pbkdf2_sha256$870000$VQ9Bdm46q4RgUtimel01t8$PcbnDEcWQCRLPOdXsX/Q+BfZpCrICbT3w5BU/GVwVuU=	\N	f	user5				f	t	2024-10-27 17:38:05+01
3	pbkdf2_sha256$870000$1ooI6vl1QYIU2RNGRWP8a0$L1YUwi8RqFPFyWwXbU6wGHgjkYCgFJCWPMJ18JTx+z0=	2024-10-27 21:48:49.46124+01	f	user3				f	t	2024-10-27 17:37:36+01
1	pbkdf2_sha256$870000$YIVA5N6jHZBxUc9tszaSAb$qQ3j7RYKR5FexG0nl2MxZ2PUAlYB+Pm1VKTqQBqCQbw=	2024-11-14 12:10:47.612907+01	t	Admin			marcodomenico.zv@gmail.com	t	t	2024-10-27 17:15:23+01
2	pbkdf2_sha256$870000$XrZidSkNwi0GzkOMA7LOen$Kk1yWJ43ak3PUOcTKRRM22xovX/oPhZOvfg7oaLSk/k=	2024-11-29 12:41:46.118186+01	f	user2				f	t	2024-10-27 17:37:11+01
6	pbkdf2_sha256$870000$9PCuhmsgoEZAJkUDbHfzko$pzEAQAcEqCart8zp5CYA14C8EDeEgz2tApD8X/pnjM4=	\N	t	marco			marcozetina42@gmail.com	t	t	2025-04-29 19:17:51.929781+02
7	pbkdf2_sha256$870000$IwEehuMaJnXjp3Vid9oNSB$WQQwj12/GyNYE79w+evX78SGLyAXm+KvklMOWkHZY1M=	2025-04-29 19:19:15+02	t	Marco			marcozetina42@gmail.com	t	t	2025-04-29 19:18:57+02
\.


--
-- Data for Name: auth_user_groups; Type: TABLE DATA; Schema: public; Owner: postgres
--

COPY public.auth_user_groups (id, user_id, group_id) FROM stdin;
1	2	1
2	3	1
3	4	1
4	5	2
5	7	3
\.


--
-- Data for Name: auth_user_user_permissions; Type: TABLE DATA; Schema: public; Owner: postgres
--

COPY public.auth_user_user_permissions (id, user_id, permission_id) FROM stdin;
1	7	1
2	7	2
3	7	3
4	7	4
5	7	5
6	7	6
7	7	7
8	7	8
9	7	9
10	7	10
11	7	11
12	7	12
13	7	13
14	7	14
15	7	15
16	7	16
17	7	17
18	7	18
19	7	19
20	7	20
21	7	21
22	7	22
23	7	23
24	7	24
25	7	25
26	7	26
27	7	27
28	7	28
29	7	29
30	7	30
31	7	31
32	7	32
33	7	33
34	7	34
35	7	35
36	7	36
\.


--
-- Data for Name: django_admin_log; Type: TABLE DATA; Schema: public; Owner: postgres
--

COPY public.django_admin_log (id, action_time, object_id, object_repr, action_flag, change_message, content_type_id, user_id) FROM stdin;
1	2024-10-27 17:33:44.189183+01	1	Staff_member	1	[{"added": {}}]	3	1
2	2024-10-27 17:34:47.785395+01	2	Managers	1	[{"added": {}}]	3	1
3	2024-10-27 17:35:07.529233+01	3	Admin	1	[{"added": {}}]	3	1
4	2024-10-27 17:37:11.764894+01	2	user2	1	[{"added": {}}]	4	1
5	2024-10-27 17:37:36.995485+01	3	user3	1	[{"added": {}}]	4	1
6	2024-10-27 17:37:52.746728+01	4	user4	1	[{"added": {}}]	4	1
7	2024-10-27 17:38:05.940531+01	5	user5	1	[{"added": {}}]	4	1
8	2024-10-27 17:42:29.419566+01	1	Admin	2	[{"changed": {"fields": ["Username"]}}]	4	1
9	2024-10-27 17:44:43.410087+01	2	user2	2	[{"changed": {"fields": ["Groups"]}}]	4	1
10	2024-10-27 17:44:52.864732+01	3	user3	2	[{"changed": {"fields": ["Groups"]}}]	4	1
11	2024-10-27 17:45:00.64879+01	4	user4	2	[{"changed": {"fields": ["Groups"]}}]	4	1
12	2024-10-27 17:45:05.930494+01	5	user5	2	[{"changed": {"fields": ["Groups"]}}]	4	1
13	2024-10-27 18:50:00.710917+01	1	Staff_member	2	[{"changed": {"fields": ["Permissions"]}}]	3	1
14	2024-10-27 21:09:56.339284+01	1	Staff_member	2	[{"changed": {"fields": ["Permissions"]}}]	3	1
15	2025-04-29 19:20:07.849139+02	3	Marco	2	[{"changed": {"fields": ["Name"]}}]	3	7
16	2025-04-29 19:20:39.216987+02	3	Marco	2	[{"changed": {"fields": ["Permissions"]}}]	3	7
17	2025-04-29 19:21:14.593987+02	7	Marco	2	[{"changed": {"fields": ["Groups", "User permissions"]}}]	4	7
\.


--
-- Data for Name: django_content_type; Type: TABLE DATA; Schema: public; Owner: postgres
--

COPY public.django_content_type (id, app_label, model) FROM stdin;
1	admin	logentry
2	auth	permission
3	auth	group
4	auth	user
5	contenttypes	contenttype
6	sessions	session
7	videogames_register	genre
8	videogames_register	employee
9	videogames_register	videogame
\.


--
-- Data for Name: django_migrations; Type: TABLE DATA; Schema: public; Owner: postgres
--

COPY public.django_migrations (id, app, name, applied) FROM stdin;
1	contenttypes	0001_initial	2024-10-27 12:49:22.406902+01
2	auth	0001_initial	2024-10-27 12:49:22.475415+01
3	admin	0001_initial	2024-10-27 12:49:22.506597+01
4	admin	0002_logentry_remove_auto_add	2024-10-27 12:49:22.511597+01
5	admin	0003_logentry_add_action_flag_choices	2024-10-27 12:49:22.518111+01
6	contenttypes	0002_remove_content_type_name	2024-10-27 12:49:22.54911+01
7	auth	0002_alter_permission_name_max_length	2024-10-27 12:49:22.555111+01
8	auth	0003_alter_user_email_max_length	2024-10-27 12:49:22.56011+01
9	auth	0004_alter_user_username_opts	2024-10-27 12:49:22.564111+01
10	auth	0005_alter_user_last_login_null	2024-10-27 12:49:22.56911+01
11	auth	0006_require_contenttypes_0002	2024-10-27 12:49:22.570112+01
12	auth	0007_alter_validators_add_error_messages	2024-10-27 12:49:22.574111+01
13	auth	0008_alter_user_username_max_length	2024-10-27 12:49:22.58411+01
14	auth	0009_alter_user_last_name_max_length	2024-10-27 12:49:22.591111+01
15	auth	0010_alter_group_name_max_length	2024-10-27 12:49:22.596111+01
16	auth	0011_update_proxy_permissions	2024-10-27 12:49:22.601121+01
17	auth	0012_alter_user_first_name_max_length	2024-10-27 12:49:22.60612+01
18	sessions	0001_initial	2024-10-27 12:49:22.613628+01
21	videogames_register	0001_initial	2025-04-29 18:11:43.189152+02
\.


--
-- Data for Name: django_session; Type: TABLE DATA; Schema: public; Owner: postgres
--

COPY public.django_session (session_key, session_data, expire_date) FROM stdin;
xfg05hhxtwbuggdy669qs1s6b2txv82d	.eJxVjEsOwjAMBe-SNYqc2m0NS_Y9Q-Q0MSmgROpnhbg7VOoCtm9m3st42dbstyXNformYpw5_W5BxkcqO4h3Kbdqx1rWeQp2V-xBFzvUmJ7Xw_07yLLkb42tNtpD6NiFhkXxrEBMCNpiYnAKnTQUg3S9JiJRB0gMioSM6kbz_gDLpzc1:1t5Ttz:d2R35178avCPLg8zQM_B579NxjsKvtMAvxfRMmBlamE	2024-11-11 18:51:39.854673+01
0vwnrms6xb4disi7nn1hw2g1amflngky	.eJxVjEsOwjAMBe-SNYqc2m0NS_Y9Q-Q0MSmgROpnhbg7VOoCtm9m3st42dbstyXNformYpw5_W5BxkcqO4h3Kbdqx1rWeQp2V-xBFzvUmJ7Xw_07yLLkb42tNtpD6NiFhkXxrEBMCNpiYnAKnTQUg3S9JiJRB0gMioSM6kbz_gDLpzc1:1t5oQQ:ij57VCY7f5XeuWpvm1RmaStfOg9L9TRiyP0VBla6dg0	2024-11-12 16:46:30.708234+01
4c194mwjccemu59jkuwgj0xrlznn4zvp	.eJxVjEsOwjAMBe-SNYqc2m0NS_Y9Q-Q0MSmgROpnhbg7VOoCtm9m3st42dbstyXNformYpw5_W5BxkcqO4h3Kbdqx1rWeQp2V-xBFzvUmJ7Xw_07yLLkb42tNtpD6NiFhkXxrEBMCNpiYnAKnTQUg3S9JiJRB0gMioSM6kbz_gDLpzc1:1t5oUK:_TiKh6RSBdDX1Igl2kICbQmZzldtF5S7l8QVsGNmizY	2024-11-12 16:50:32.0318+01
clh2a8rxyki1moahyewh61m1v5h727co	.eJxVjEsOwjAMBe-SNYqc2m0NS_Y9Q-Q0MSmgROpnhbg7VOoCtm9m3st42dbstyXNformYpw5_W5BxkcqO4h3Kbdqx1rWeQp2V-xBFzvUmJ7Xw_07yLLkb42tNtpD6NiFhkXxrEBMCNpiYnAKnTQUg3S9JiJRB0gMioSM6kbz_gDLpzc1:1tBXkN:RGHcjBlgqeq2bcyQeg63alBLXgnvF8qUmK0n6plSEfc	2024-11-28 12:10:47.618905+01
3qalfq379vm5scnc2xb8xiz90876nel2	.eJxVjEEOwiAUBe_C2hCggYpL956B_P8AqRpISrtqvLs26UK3b2beJgKtSwlrT3OYorgII06_GxOeqe4gPqjem0Sryzyx3BV50C5vLabX9XD_Dgr18q2TVU5p9uQosaE8GmLtz94pZAfEDIeolI9k7JgHkB2MTwAzKwBavD8IWjll:1tGzNa:FK2-v_yOAp7A0Zk51-QVSTxb44k1CIGOJ1bPdCTbjcE	2024-12-13 12:41:46.118186+01
ipuqpgjc19i4134pvcz34vxmi19aeibu	.eJxVjDsOwyAQRO9CHaHla0iZ3mdACyzBSYQlY1dR7h5bcpFounlv5s0CbmsNW6clTJld2cAuv13E9KR2gPzAdp95mtu6TJEfCj9p5-Oc6XU73b-Dir3ua0ekSgYXbUygTMkIqoAgElpHbwarBKJTSC5l5aXUAB6s8WUPoJfs8wX1LTel:1u9obz:90Vcz4zxncih-VfT2T2Rbhyzpz8kWh0VtaOdrqeGSxY	2025-05-13 19:19:15.928753+02
\.


--
-- Data for Name: videogames_register_genre; Type: TABLE DATA; Schema: public; Owner: postgres
--

COPY public.videogames_register_genre (id, title) FROM stdin;
1	Action
2	Sports
3	Shooting
4	Strategy
\.


--
-- Data for Name: videogames_register_videogame; Type: TABLE DATA; Schema: public; Owner: postgres
--

COPY public.videogames_register_videogame (id, title, release_date, description, genre_id) FROM stdin;
6	Grand Theft Auto V	2022-03-02	Adventure Game	1
3	Call Of Duty Black Ops lll	2022-03-02	Shooting game	3
11	PES 2019	2019-10-10	A football game.	2
\.


--
-- Name: audit_log_id_seq; Type: SEQUENCE SET; Schema: audit; Owner: postgres
--

SELECT pg_catalog.setval('audit.audit_log_id_seq', 2, true);


--
-- Name: auth_group_id_seq; Type: SEQUENCE SET; Schema: public; Owner: postgres
--

SELECT pg_catalog.setval('public.auth_group_id_seq', 3, true);


--
-- Name: auth_group_permissions_id_seq; Type: SEQUENCE SET; Schema: public; Owner: postgres
--

SELECT pg_catalog.setval('public.auth_group_permissions_id_seq', 45, true);


--
-- Name: auth_permission_id_seq; Type: SEQUENCE SET; Schema: public; Owner: postgres
--

SELECT pg_catalog.setval('public.auth_permission_id_seq', 36, true);


--
-- Name: auth_user_groups_id_seq; Type: SEQUENCE SET; Schema: public; Owner: postgres
--

SELECT pg_catalog.setval('public.auth_user_groups_id_seq', 5, true);


--
-- Name: auth_user_id_seq; Type: SEQUENCE SET; Schema: public; Owner: postgres
--

SELECT pg_catalog.setval('public.auth_user_id_seq', 7, true);


--
-- Name: auth_user_user_permissions_id_seq; Type: SEQUENCE SET; Schema: public; Owner: postgres
--

SELECT pg_catalog.setval('public.auth_user_user_permissions_id_seq', 36, true);


--
-- Name: django_admin_log_id_seq; Type: SEQUENCE SET; Schema: public; Owner: postgres
--

SELECT pg_catalog.setval('public.django_admin_log_id_seq', 17, true);


--
-- Name: django_content_type_id_seq; Type: SEQUENCE SET; Schema: public; Owner: postgres
--

SELECT pg_catalog.setval('public.django_content_type_id_seq', 9, true);


--
-- Name: django_migrations_id_seq; Type: SEQUENCE SET; Schema: public; Owner: postgres
--

SELECT pg_catalog.setval('public.django_migrations_id_seq', 21, true);


--
-- Name: videogames_register_genre_id_seq; Type: SEQUENCE SET; Schema: public; Owner: postgres
--

SELECT pg_catalog.setval('public.videogames_register_genre_id_seq', 1, false);


--
-- Name: videogames_register_videogame_id_seq; Type: SEQUENCE SET; Schema: public; Owner: postgres
--

SELECT pg_catalog.setval('public.videogames_register_videogame_id_seq', 11, true);


--
-- Name: audit_log audit_log_pkey; Type: CONSTRAINT; Schema: audit; Owner: postgres
--

ALTER TABLE ONLY audit.audit_log
    ADD CONSTRAINT audit_log_pkey PRIMARY KEY (id);


--
-- Name: auth_group auth_group_name_key; Type: CONSTRAINT; Schema: public; Owner: postgres
--

ALTER TABLE ONLY public.auth_group
    ADD CONSTRAINT auth_group_name_key UNIQUE (name);


--
-- Name: auth_group_permissions auth_group_permissions_group_id_permission_id_0cd325b0_uniq; Type: CONSTRAINT; Schema: public; Owner: postgres
--

ALTER TABLE ONLY public.auth_group_permissions
    ADD CONSTRAINT auth_group_permissions_group_id_permission_id_0cd325b0_uniq UNIQUE (group_id, permission_id);


--
-- Name: auth_group_permissions auth_group_permissions_pkey; Type: CONSTRAINT; Schema: public; Owner: postgres
--

ALTER TABLE ONLY public.auth_group_permissions
    ADD CONSTRAINT auth_group_permissions_pkey PRIMARY KEY (id);


--
-- Name: auth_group auth_group_pkey; Type: CONSTRAINT; Schema: public; Owner: postgres
--

ALTER TABLE ONLY public.auth_group
    ADD CONSTRAINT auth_group_pkey PRIMARY KEY (id);


--
-- Name: auth_permission auth_permission_content_type_id_codename_01ab375a_uniq; Type: CONSTRAINT; Schema: public; Owner: postgres
--

ALTER TABLE ONLY public.auth_permission
    ADD CONSTRAINT auth_permission_content_type_id_codename_01ab375a_uniq UNIQUE (content_type_id, codename);


--
-- Name: auth_permission auth_permission_pkey; Type: CONSTRAINT; Schema: public; Owner: postgres
--

ALTER TABLE ONLY public.auth_permission
    ADD CONSTRAINT auth_permission_pkey PRIMARY KEY (id);


--
-- Name: auth_user_groups auth_user_groups_pkey; Type: CONSTRAINT; Schema: public; Owner: postgres
--

ALTER TABLE ONLY public.auth_user_groups
    ADD CONSTRAINT auth_user_groups_pkey PRIMARY KEY (id);


--
-- Name: auth_user_groups auth_user_groups_user_id_group_id_94350c0c_uniq; Type: CONSTRAINT; Schema: public; Owner: postgres
--

ALTER TABLE ONLY public.auth_user_groups
    ADD CONSTRAINT auth_user_groups_user_id_group_id_94350c0c_uniq UNIQUE (user_id, group_id);


--
-- Name: auth_user auth_user_pkey; Type: CONSTRAINT; Schema: public; Owner: postgres
--

ALTER TABLE ONLY public.auth_user
    ADD CONSTRAINT auth_user_pkey PRIMARY KEY (id);


--
-- Name: auth_user_user_permissions auth_user_user_permissions_pkey; Type: CONSTRAINT; Schema: public; Owner: postgres
--

ALTER TABLE ONLY public.auth_user_user_permissions
    ADD CONSTRAINT auth_user_user_permissions_pkey PRIMARY KEY (id);


--
-- Name: auth_user_user_permissions auth_user_user_permissions_user_id_permission_id_14a6b632_uniq; Type: CONSTRAINT; Schema: public; Owner: postgres
--

ALTER TABLE ONLY public.auth_user_user_permissions
    ADD CONSTRAINT auth_user_user_permissions_user_id_permission_id_14a6b632_uniq UNIQUE (user_id, permission_id);


--
-- Name: auth_user auth_user_username_key; Type: CONSTRAINT; Schema: public; Owner: postgres
--

ALTER TABLE ONLY public.auth_user
    ADD CONSTRAINT auth_user_username_key UNIQUE (username);


--
-- Name: django_admin_log django_admin_log_pkey; Type: CONSTRAINT; Schema: public; Owner: postgres
--

ALTER TABLE ONLY public.django_admin_log
    ADD CONSTRAINT django_admin_log_pkey PRIMARY KEY (id);


--
-- Name: django_content_type django_content_type_app_label_model_76bd3d3b_uniq; Type: CONSTRAINT; Schema: public; Owner: postgres
--

ALTER TABLE ONLY public.django_content_type
    ADD CONSTRAINT django_content_type_app_label_model_76bd3d3b_uniq UNIQUE (app_label, model);


--
-- Name: django_content_type django_content_type_pkey; Type: CONSTRAINT; Schema: public; Owner: postgres
--

ALTER TABLE ONLY public.django_content_type
    ADD CONSTRAINT django_content_type_pkey PRIMARY KEY (id);


--
-- Name: django_migrations django_migrations_pkey; Type: CONSTRAINT; Schema: public; Owner: postgres
--

ALTER TABLE ONLY public.django_migrations
    ADD CONSTRAINT django_migrations_pkey PRIMARY KEY (id);


--
-- Name: django_session django_session_pkey; Type: CONSTRAINT; Schema: public; Owner: postgres
--

ALTER TABLE ONLY public.django_session
    ADD CONSTRAINT django_session_pkey PRIMARY KEY (session_key);


--
-- Name: videogames_register_genre videogames_register_genre_pkey; Type: CONSTRAINT; Schema: public; Owner: postgres
--

ALTER TABLE ONLY public.videogames_register_genre
    ADD CONSTRAINT videogames_register_genre_pkey PRIMARY KEY (id);


--
-- Name: videogames_register_videogame videogames_register_videogame_pkey; Type: CONSTRAINT; Schema: public; Owner: postgres
--

ALTER TABLE ONLY public.videogames_register_videogame
    ADD CONSTRAINT videogames_register_videogame_pkey PRIMARY KEY (id);


--
-- Name: auth_group_name_a6ea08ec_like; Type: INDEX; Schema: public; Owner: postgres
--

CREATE INDEX auth_group_name_a6ea08ec_like ON public.auth_group USING btree (name varchar_pattern_ops);


--
-- Name: auth_group_permissions_group_id_b120cbf9; Type: INDEX; Schema: public; Owner: postgres
--

CREATE INDEX auth_group_permissions_group_id_b120cbf9 ON public.auth_group_permissions USING btree (group_id);


--
-- Name: auth_group_permissions_permission_id_84c5c92e; Type: INDEX; Schema: public; Owner: postgres
--

CREATE INDEX auth_group_permissions_permission_id_84c5c92e ON public.auth_group_permissions USING btree (permission_id);


--
-- Name: auth_permission_content_type_id_2f476e4b; Type: INDEX; Schema: public; Owner: postgres
--

CREATE INDEX auth_permission_content_type_id_2f476e4b ON public.auth_permission USING btree (content_type_id);


--
-- Name: auth_user_groups_group_id_97559544; Type: INDEX; Schema: public; Owner: postgres
--

CREATE INDEX auth_user_groups_group_id_97559544 ON public.auth_user_groups USING btree (group_id);


--
-- Name: auth_user_groups_user_id_6a12ed8b; Type: INDEX; Schema: public; Owner: postgres
--

CREATE INDEX auth_user_groups_user_id_6a12ed8b ON public.auth_user_groups USING btree (user_id);


--
-- Name: auth_user_user_permissions_permission_id_1fbb5f2c; Type: INDEX; Schema: public; Owner: postgres
--

CREATE INDEX auth_user_user_permissions_permission_id_1fbb5f2c ON public.auth_user_user_permissions USING btree (permission_id);


--
-- Name: auth_user_user_permissions_user_id_a95ead1b; Type: INDEX; Schema: public; Owner: postgres
--

CREATE INDEX auth_user_user_permissions_user_id_a95ead1b ON public.auth_user_user_permissions USING btree (user_id);


--
-- Name: auth_user_username_6821ab7c_like; Type: INDEX; Schema: public; Owner: postgres
--

CREATE INDEX auth_user_username_6821ab7c_like ON public.auth_user USING btree (username varchar_pattern_ops);


--
-- Name: django_admin_log_content_type_id_c4bce8eb; Type: INDEX; Schema: public; Owner: postgres
--

CREATE INDEX django_admin_log_content_type_id_c4bce8eb ON public.django_admin_log USING btree (content_type_id);


--
-- Name: django_admin_log_user_id_c564eba6; Type: INDEX; Schema: public; Owner: postgres
--

CREATE INDEX django_admin_log_user_id_c564eba6 ON public.django_admin_log USING btree (user_id);


--
-- Name: django_session_expire_date_a5c62663; Type: INDEX; Schema: public; Owner: postgres
--

CREATE INDEX django_session_expire_date_a5c62663 ON public.django_session USING btree (expire_date);


--
-- Name: django_session_session_key_c0390e0f_like; Type: INDEX; Schema: public; Owner: postgres
--

CREATE INDEX django_session_session_key_c0390e0f_like ON public.django_session USING btree (session_key varchar_pattern_ops);


--
-- Name: idx_description_tsvector; Type: INDEX; Schema: public; Owner: postgres
--

CREATE INDEX idx_description_tsvector ON public.videogames_register_videogame USING gin (to_tsvector('english'::regconfig, (description)::text));


--
-- Name: idx_genre_id; Type: INDEX; Schema: public; Owner: postgres
--

CREATE INDEX idx_genre_id ON public.videogames_register_videogame USING btree (genre_id);


--
-- Name: idx_release_date; Type: INDEX; Schema: public; Owner: postgres
--

CREATE INDEX idx_release_date ON public.videogames_register_videogame USING btree (release_date);


--
-- Name: idx_release_date_desc; Type: INDEX; Schema: public; Owner: postgres
--

CREATE INDEX idx_release_date_desc ON public.videogames_register_videogame USING btree (release_date DESC);


--
-- Name: idx_title_lower; Type: INDEX; Schema: public; Owner: postgres
--

CREATE INDEX idx_title_lower ON public.videogames_register_videogame USING btree (lower((title)::text));


--
-- Name: videogames_register_videogame_genre_id_60bdafb6; Type: INDEX; Schema: public; Owner: postgres
--

CREATE INDEX videogames_register_videogame_genre_id_60bdafb6 ON public.videogames_register_videogame USING btree (genre_id);


--
-- Name: videogames_register_videogame trg_audit_videogame; Type: TRIGGER; Schema: public; Owner: postgres
--

CREATE TRIGGER trg_audit_videogame AFTER INSERT OR DELETE OR UPDATE ON public.videogames_register_videogame FOR EACH ROW EXECUTE FUNCTION public.audit_if_modified();


--
-- Name: auth_group_permissions auth_group_permissio_permission_id_84c5c92e_fk_auth_perm; Type: FK CONSTRAINT; Schema: public; Owner: postgres
--

ALTER TABLE ONLY public.auth_group_permissions
    ADD CONSTRAINT auth_group_permissio_permission_id_84c5c92e_fk_auth_perm FOREIGN KEY (permission_id) REFERENCES public.auth_permission(id) DEFERRABLE INITIALLY DEFERRED;


--
-- Name: auth_group_permissions auth_group_permissions_group_id_b120cbf9_fk_auth_group_id; Type: FK CONSTRAINT; Schema: public; Owner: postgres
--

ALTER TABLE ONLY public.auth_group_permissions
    ADD CONSTRAINT auth_group_permissions_group_id_b120cbf9_fk_auth_group_id FOREIGN KEY (group_id) REFERENCES public.auth_group(id) DEFERRABLE INITIALLY DEFERRED;


--
-- Name: auth_permission auth_permission_content_type_id_2f476e4b_fk_django_co; Type: FK CONSTRAINT; Schema: public; Owner: postgres
--

ALTER TABLE ONLY public.auth_permission
    ADD CONSTRAINT auth_permission_content_type_id_2f476e4b_fk_django_co FOREIGN KEY (content_type_id) REFERENCES public.django_content_type(id) DEFERRABLE INITIALLY DEFERRED;


--
-- Name: auth_user_groups auth_user_groups_group_id_97559544_fk_auth_group_id; Type: FK CONSTRAINT; Schema: public; Owner: postgres
--

ALTER TABLE ONLY public.auth_user_groups
    ADD CONSTRAINT auth_user_groups_group_id_97559544_fk_auth_group_id FOREIGN KEY (group_id) REFERENCES public.auth_group(id) DEFERRABLE INITIALLY DEFERRED;


--
-- Name: auth_user_groups auth_user_groups_user_id_6a12ed8b_fk_auth_user_id; Type: FK CONSTRAINT; Schema: public; Owner: postgres
--

ALTER TABLE ONLY public.auth_user_groups
    ADD CONSTRAINT auth_user_groups_user_id_6a12ed8b_fk_auth_user_id FOREIGN KEY (user_id) REFERENCES public.auth_user(id) DEFERRABLE INITIALLY DEFERRED;


--
-- Name: auth_user_user_permissions auth_user_user_permi_permission_id_1fbb5f2c_fk_auth_perm; Type: FK CONSTRAINT; Schema: public; Owner: postgres
--

ALTER TABLE ONLY public.auth_user_user_permissions
    ADD CONSTRAINT auth_user_user_permi_permission_id_1fbb5f2c_fk_auth_perm FOREIGN KEY (permission_id) REFERENCES public.auth_permission(id) DEFERRABLE INITIALLY DEFERRED;


--
-- Name: auth_user_user_permissions auth_user_user_permissions_user_id_a95ead1b_fk_auth_user_id; Type: FK CONSTRAINT; Schema: public; Owner: postgres
--

ALTER TABLE ONLY public.auth_user_user_permissions
    ADD CONSTRAINT auth_user_user_permissions_user_id_a95ead1b_fk_auth_user_id FOREIGN KEY (user_id) REFERENCES public.auth_user(id) DEFERRABLE INITIALLY DEFERRED;


--
-- Name: django_admin_log django_admin_log_content_type_id_c4bce8eb_fk_django_co; Type: FK CONSTRAINT; Schema: public; Owner: postgres
--

ALTER TABLE ONLY public.django_admin_log
    ADD CONSTRAINT django_admin_log_content_type_id_c4bce8eb_fk_django_co FOREIGN KEY (content_type_id) REFERENCES public.django_content_type(id) DEFERRABLE INITIALLY DEFERRED;


--
-- Name: django_admin_log django_admin_log_user_id_c564eba6_fk_auth_user_id; Type: FK CONSTRAINT; Schema: public; Owner: postgres
--

ALTER TABLE ONLY public.django_admin_log
    ADD CONSTRAINT django_admin_log_user_id_c564eba6_fk_auth_user_id FOREIGN KEY (user_id) REFERENCES public.auth_user(id) DEFERRABLE INITIALLY DEFERRED;


--
-- Name: videogames_register_videogame videogames_register__genre_id_60bdafb6_fk_videogame; Type: FK CONSTRAINT; Schema: public; Owner: postgres
--

ALTER TABLE ONLY public.videogames_register_videogame
    ADD CONSTRAINT videogames_register__genre_id_60bdafb6_fk_videogame FOREIGN KEY (genre_id) REFERENCES public.videogames_register_genre(id) DEFERRABLE INITIALLY DEFERRED;


--
-- Name: TABLE videogames_register_videogame; Type: ACL; Schema: public; Owner: postgres
--

GRANT SELECT ON TABLE public.videogames_register_videogame TO app_reader;
GRANT SELECT,INSERT,DELETE,UPDATE ON TABLE public.videogames_register_videogame TO app_writer;


--
-- Name: TABLE cumulative_releases; Type: ACL; Schema: analytics; Owner: postgres
--

GRANT SELECT ON TABLE analytics.cumulative_releases TO report_user;


--
-- Name: TABLE auth_group; Type: ACL; Schema: public; Owner: postgres
--

GRANT SELECT ON TABLE public.auth_group TO app_reader;
GRANT SELECT,INSERT,DELETE,UPDATE ON TABLE public.auth_group TO app_writer;


--
-- Name: TABLE auth_group_permissions; Type: ACL; Schema: public; Owner: postgres
--

GRANT SELECT ON TABLE public.auth_group_permissions TO app_reader;
GRANT SELECT,INSERT,DELETE,UPDATE ON TABLE public.auth_group_permissions TO app_writer;


--
-- Name: TABLE auth_permission; Type: ACL; Schema: public; Owner: postgres
--

GRANT SELECT ON TABLE public.auth_permission TO app_reader;
GRANT SELECT,INSERT,DELETE,UPDATE ON TABLE public.auth_permission TO app_writer;


--
-- Name: TABLE auth_user; Type: ACL; Schema: public; Owner: postgres
--

GRANT SELECT ON TABLE public.auth_user TO app_reader;
GRANT SELECT,INSERT,DELETE,UPDATE ON TABLE public.auth_user TO app_writer;


--
-- Name: TABLE auth_user_groups; Type: ACL; Schema: public; Owner: postgres
--

GRANT SELECT ON TABLE public.auth_user_groups TO app_reader;
GRANT SELECT,INSERT,DELETE,UPDATE ON TABLE public.auth_user_groups TO app_writer;


--
-- Name: TABLE auth_user_user_permissions; Type: ACL; Schema: public; Owner: postgres
--

GRANT SELECT ON TABLE public.auth_user_user_permissions TO app_reader;
GRANT SELECT,INSERT,DELETE,UPDATE ON TABLE public.auth_user_user_permissions TO app_writer;


--
-- Name: TABLE django_admin_log; Type: ACL; Schema: public; Owner: postgres
--

GRANT SELECT ON TABLE public.django_admin_log TO app_reader;
GRANT SELECT,INSERT,DELETE,UPDATE ON TABLE public.django_admin_log TO app_writer;


--
-- Name: TABLE django_content_type; Type: ACL; Schema: public; Owner: postgres
--

GRANT SELECT ON TABLE public.django_content_type TO app_reader;
GRANT SELECT,INSERT,DELETE,UPDATE ON TABLE public.django_content_type TO app_writer;


--
-- Name: TABLE django_migrations; Type: ACL; Schema: public; Owner: postgres
--

GRANT SELECT ON TABLE public.django_migrations TO app_reader;
GRANT SELECT,INSERT,DELETE,UPDATE ON TABLE public.django_migrations TO app_writer;


--
-- Name: TABLE django_session; Type: ACL; Schema: public; Owner: postgres
--

GRANT SELECT ON TABLE public.django_session TO app_reader;
GRANT SELECT,INSERT,DELETE,UPDATE ON TABLE public.django_session TO app_writer;


--
-- Name: TABLE videogames_register_genre; Type: ACL; Schema: public; Owner: postgres
--

GRANT SELECT ON TABLE public.videogames_register_genre TO app_reader;
GRANT SELECT,INSERT,DELETE,UPDATE ON TABLE public.videogames_register_genre TO app_writer;


--
-- Name: cumulative_releases; Type: MATERIALIZED VIEW DATA; Schema: analytics; Owner: postgres
--

REFRESH MATERIALIZED VIEW analytics.cumulative_releases;


--
-- PostgreSQL database dump complete
--

